/* Copyright 2023 The TensorFlow Authors. All Rights Reserved.
Licensed under the Apache License, Version 2.0 (the "License");
you may not use this file except in compliance with the License.
You may obtain a copy of the License at
    http://www.apache.org/licenses/LICENSE-2.0
Unless required by applicable law or agreed to in writing, software
distributed under the License is distributed on an "AS IS" BASIS,
WITHOUT WARRANTIES OR CONDITIONS OF ANY KIND, either express or implied.
See the License for the specific language governing permissions and
limitations under the License.
==============================================================================*/

#include "magic_wand_model_data.h"

// Keep aligned to 16 bytes for CMSIS
alignas(16) const unsigned char g_magic_wand_model_data[] = {
    0x20, 0x00, 0x00, 0x00, 0x54, 0x46, 0x4c, 0x33, 0x00, 0x00, 0x00, 0x00,
  0x14, 0x00, 0x20, 0x00, 0x1c, 0x00, 0x18, 0x00, 0x14, 0x00, 0x10, 0x00,
  0x0c, 0x00, 0x00, 0x00, 0x08, 0x00, 0x04, 0x00, 0x14, 0x00, 0x00, 0x00,
  0x1c, 0x00, 0x00, 0x00, 0x90, 0x00, 0x00, 0x00, 0xe8, 0x00, 0x00, 0x00,
  0x78, 0x25, 0x00, 0x00, 0x88, 0x25, 0x00, 0x00, 0xf4, 0x53, 0x00, 0x00,
  0x03, 0x00, 0x00, 0x00, 0x01, 0x00, 0x00, 0x00, 0x04, 0x00, 0x00, 0x00,
  0x4a, 0xd7, 0xff, 0xff, 0x0c, 0x00, 0x00, 0x00, 0x1c, 0x00, 0x00, 0x00,
  0x3c, 0x00, 0x00, 0x00, 0x0f, 0x00, 0x00, 0x00, 0x73, 0x65, 0x72, 0x76,
  0x69, 0x6e, 0x67, 0x5f, 0x64, 0x65, 0x66, 0x61, 0x75, 0x6c, 0x74, 0x00,
  0x01, 0x00, 0x00, 0x00, 0x04, 0x00, 0x00, 0x00, 0x8c, 0xff, 0xff, 0xff,
  0x24, 0x00, 0x00, 0x00, 0x04, 0x00, 0x00, 0x00, 0x08, 0x00, 0x00, 0x00,
  0x6f, 0x75, 0x74, 0x70, 0x75, 0x74, 0x5f, 0x30, 0x00, 0x00, 0x00, 0x00,
  0x01, 0x00, 0x00, 0x00, 0x04, 0x00, 0x00, 0x00, 0x0e, 0xdb, 0xff, 0xff,
  0x04, 0x00, 0x00, 0x00, 0x11, 0x00, 0x00, 0x00, 0x6b, 0x65, 0x72, 0x61,
  0x73, 0x5f, 0x74, 0x65, 0x6e, 0x73, 0x6f, 0x72, 0x5f, 0x33, 0x33, 0x37,
  0x35, 0x00, 0x00, 0x00, 0x02, 0x00, 0x00, 0x00, 0x34, 0x00, 0x00, 0x00,
  0x04, 0x00, 0x00, 0x00, 0xdc, 0xff, 0xff, 0xff, 0x27, 0x00, 0x00, 0x00,
  0x04, 0x00, 0x00, 0x00, 0x13, 0x00, 0x00, 0x00, 0x43, 0x4f, 0x4e, 0x56,
  0x45, 0x52, 0x53, 0x49, 0x4f, 0x4e, 0x5f, 0x4d, 0x45, 0x54, 0x41, 0x44,
  0x41, 0x54, 0x41, 0x00, 0x08, 0x00, 0x0c, 0x00, 0x08, 0x00, 0x04, 0x00,
  0x08, 0x00, 0x00, 0x00, 0x26, 0x00, 0x00, 0x00, 0x04, 0x00, 0x00, 0x00,
  0x13, 0x00, 0x00, 0x00, 0x6d, 0x69, 0x6e, 0x5f, 0x72, 0x75, 0x6e, 0x74,
  0x69, 0x6d, 0x65, 0x5f, 0x76, 0x65, 0x72, 0x73, 0x69, 0x6f, 0x6e, 0x00,
  0x28, 0x00, 0x00, 0x00, 0x8c, 0x24, 0x00, 0x00, 0x84, 0x24, 0x00, 0x00,
  0x70, 0x24, 0x00, 0x00, 0x4c, 0x24, 0x00, 0x00, 0x30, 0x24, 0x00, 0x00,
  0x14, 0x24, 0x00, 0x00, 0x00, 0x24, 0x00, 0x00, 0xe4, 0x23, 0x00, 0x00,
  0xbc, 0x23, 0x00, 0x00, 0x4c, 0x23, 0x00, 0x00, 0xfc, 0x22, 0x00, 0x00,
  0x6c, 0x21, 0x00, 0x00, 0xfc, 0x20, 0x00, 0x00, 0xac, 0x1e, 0x00, 0x00,
  0x3c, 0x1e, 0x00, 0x00, 0xb4, 0x1d, 0x00, 0x00, 0x44, 0x1d, 0x00, 0x00,
  0xf4, 0x1a, 0x00, 0x00, 0xc4, 0x1a, 0x00, 0x00, 0xb4, 0x0c, 0x00, 0x00,
  0xa4, 0x0b, 0x00, 0x00, 0x14, 0x01, 0x00, 0x00, 0x0c, 0x01, 0x00, 0x00,
  0x04, 0x01, 0x00, 0x00, 0xfc, 0x00, 0x00, 0x00, 0xf4, 0x00, 0x00, 0x00,
  0xec, 0x00, 0x00, 0x00, 0xe4, 0x00, 0x00, 0x00, 0xdc, 0x00, 0x00, 0x00,
  0xd4, 0x00, 0x00, 0x00, 0xcc, 0x00, 0x00, 0x00, 0xc4, 0x00, 0x00, 0x00,
  0xbc, 0x00, 0x00, 0x00, 0xb4, 0x00, 0x00, 0x00, 0xac, 0x00, 0x00, 0x00,
  0xa4, 0x00, 0x00, 0x00, 0x9c, 0x00, 0x00, 0x00, 0x94, 0x00, 0x00, 0x00,
  0x74, 0x00, 0x00, 0x00, 0x04, 0x00, 0x00, 0x00, 0x2e, 0xdc, 0xff, 0xff,
  0x04, 0x00, 0x00, 0x00, 0x60, 0x00, 0x00, 0x00, 0x0c, 0x00, 0x00, 0x00,
  0x08, 0x00, 0x0e, 0x00, 0x08, 0x00, 0x04, 0x00, 0x08, 0x00, 0x00, 0x00,
  0x10, 0x00, 0x00, 0x00, 0x28, 0x00, 0x00, 0x00, 0x00, 0x00, 0x06, 0x00,
  0x08, 0x00, 0x04, 0x00, 0x06, 0x00, 0x00, 0x00, 0x04, 0x00, 0x00, 0x00,
  0x01, 0x00, 0x00, 0x00, 0xeb, 0x03, 0x00, 0x00, 0x0c, 0x00, 0x18, 0x00,
  0x14, 0x00, 0x10, 0x00, 0x0c, 0x00, 0x04, 0x00, 0x0c, 0x00, 0x00, 0x00,
  0xec, 0xd0, 0x2c, 0x28, 0xa1, 0xe6, 0xe1, 0x36, 0x02, 0x00, 0x00, 0x00,
  0x02, 0x00, 0x00, 0x00, 0x04, 0x00, 0x00, 0x00, 0x06, 0x00, 0x00, 0x00,
  0x32, 0x2e, 0x32, 0x30, 0x2e, 0x30, 0x00, 0x00, 0x9a, 0xdc, 0xff, 0xff,
  0x04, 0x00, 0x00, 0x00, 0x10, 0x00, 0x00, 0x00, 0x31, 0x2e, 0x31, 0x34,
  0x2e, 0x30, 0x00, 0x00, 0x00, 0x00, 0x00, 0x00, 0x00, 0x00, 0x00, 0x00,
  0xe4, 0xae, 0xff, 0xff, 0xe8, 0xae, 0xff, 0xff, 0xec, 0xae, 0xff, 0xff,
  0xf0, 0xae, 0xff, 0xff, 0xf4, 0xae, 0xff, 0xff, 0xf8, 0xae, 0xff, 0xff,
  0xfc, 0xae, 0xff, 0xff, 0x00, 0xaf, 0xff, 0xff, 0x04, 0xaf, 0xff, 0xff,
  0x08, 0xaf, 0xff, 0xff, 0x0c, 0xaf, 0xff, 0xff, 0x10, 0xaf, 0xff, 0xff,
  0x14, 0xaf, 0xff, 0xff, 0x18, 0xaf, 0xff, 0xff, 0x1c, 0xaf, 0xff, 0xff,
  0x20, 0xaf, 0xff, 0xff, 0xf6, 0xdc, 0xff, 0xff, 0x04, 0x00, 0x00, 0x00,
  0x80, 0x0a, 0x00, 0x00, 0x11, 0x50, 0x3f, 0x2e, 0x14, 0x16, 0x1e, 0x62,
  0xf0, 0xf2, 0xe8, 0xa2, 0x4e, 0x4c, 0x1c, 0x0b, 0xd1, 0xd4, 0x18, 0xfd,
  0x54, 0x20, 0xc6, 0xc7, 0x08, 0xf6, 0xd0, 0x35, 0xec, 0xdb, 0x36, 0x3e,
  0x1f, 0x11, 0xae, 0xbd, 0x20, 0xe1, 0x2d, 0xe7, 0x81, 0xed, 0x47, 0x54,
  0x04, 0x37, 0x26, 0x2a, 0x7f, 0x57, 0x9d, 0x21, 0xb9, 0xd8, 0x46, 0x73,
  0xc1, 0xd6, 0xe3, 0x19, 0x44, 0x49, 0xe5, 0xe5, 0x2e, 0x31, 0x26, 0x1c,
  0xfe, 0xf3, 0xee, 0x3e, 0x27, 0x0b, 0xce, 0x2d, 0xab, 0xbd, 0x3d, 0x20,
  0x0a, 0x6d, 0xc4, 0x21, 0x3d, 0x37, 0x46, 0x69, 0x24, 0x7e, 0x3a, 0x05,
  0xd9, 0x1f, 0xf1, 0x56, 0x56, 0xf7, 0xf4, 0xbb, 0xf2, 0x7b, 0x0a, 0xe9,
  0x0a, 0xda, 0x07, 0x53, 0x53, 0xcb, 0x46, 0xf1, 0x32, 0x17, 0x50, 0xf7,
  0x45, 0x03, 0x0b, 0x58, 0x09, 0x07, 0x5f, 0x2b, 0xf1, 0x7f, 0x46, 0x98,
  0xcc, 0x2c, 0x29, 0x11, 0x4e, 0x03, 0xe3, 0xdf, 0xde, 0xe5, 0x5d, 0xd4,
  0xf9, 0xf9, 0xe2, 0x16, 0x7f, 0xdb, 0xdb, 0x16, 0x21, 0x0b, 0x2f, 0xc3,
  0xe4, 0xe7, 0x26, 0x08, 0x0b, 0xd5, 0x20, 0x0f, 0xcc, 0x09, 0x6d, 0x0f,
  0x1d, 0xef, 0xfc, 0xd4, 0x91, 0x31, 0x21, 0xe2, 0xee, 0x01, 0x91, 0x10,
  0x04, 0x38, 0x01, 0x2b, 0x81, 0x0d, 0xf7, 0x40, 0x2f, 0x45, 0xee, 0xca,
  0xda, 0x42, 0x20, 0x1f, 0x9c, 0x02, 0x0f, 0xf3, 0x33, 0xdd, 0xfb, 0x08,
  0x10, 0x3d, 0x4c, 0xf8, 0xee, 0x18, 0xef, 0x26, 0x4f, 0xf1, 0x7f, 0xca,
  0xfc, 0xff, 0x15, 0xe6, 0x73, 0x04, 0xfb, 0x20, 0xf9, 0x0d, 0x4c, 0xec,
  0xd5, 0x13, 0x08, 0xe0, 0x57, 0x02, 0xf5, 0xeb, 0xf9, 0x25, 0x4a, 0x0e,
  0xef, 0xf6, 0xf4, 0xf3, 0x3d, 0xcf, 0x0e, 0x0d, 0xf3, 0xec, 0x2c, 0xf2,
  0x23, 0xde, 0x1f, 0xf0, 0xb5, 0x7f, 0xc1, 0xdd, 0xec, 0xc8, 0xfb, 0x1c,
  0xf6, 0xf7, 0xca, 0xa4, 0xfc, 0xfe, 0xe0, 0xd9, 0xfd, 0x8f, 0x0e, 0x54,
  0xf5, 0xc6, 0x00, 0xc8, 0x51, 0x33, 0x92, 0x0f, 0xd2, 0xe1, 0x46, 0x3c,
  0xba, 0xd6, 0x9f, 0x50, 0x1d, 0x46, 0x89, 0x2b, 0xb0, 0x3a, 0x33, 0x17,
  0xe9, 0xa2, 0xeb, 0xde, 0x28, 0xda, 0xf7, 0xe4, 0x4f, 0x47, 0x25, 0x5a,
  0xb4, 0xaf, 0x30, 0x0d, 0x61, 0x3e, 0xd8, 0xf0, 0xad, 0x1a, 0x76, 0x53,
  0xa6, 0xec, 0xe9, 0xe8, 0x27, 0x31, 0x1f, 0x17, 0xe3, 0xdc, 0x42, 0x7f,
  0x0b, 0x33, 0xce, 0x3c, 0xe3, 0xd5, 0xca, 0x7f, 0x75, 0x50, 0xf4, 0x5f,
  0x19, 0x00, 0xe7, 0xe8, 0xd9, 0x4f, 0x24, 0xf4, 0xec, 0xf5, 0xdc, 0x08,
  0x3d, 0xeb, 0x23, 0x10, 0x3c, 0xf0, 0xed, 0xb3, 0xb2, 0xd2, 0x30, 0x12,
  0xdf, 0x99, 0xf3, 0xa1, 0x33, 0xe8, 0x16, 0x06, 0xe1, 0x86, 0xea, 0x2b,
  0x2e, 0x01, 0x21, 0xcd, 0xf8, 0xdc, 0x09, 0xf7, 0xdb, 0xbf, 0x2b, 0x00,
  0xe2, 0xe6, 0xe1, 0xc9, 0x15, 0xe8, 0xd8, 0xeb, 0xe5, 0x1c, 0xe8, 0x0b,
  0x01, 0xde, 0x01, 0x10, 0x1c, 0x21, 0xed, 0x81, 0xfd, 0xe0, 0x09, 0xf3,
  0x10, 0x84, 0xeb, 0xe0, 0xf6, 0x3f, 0xfc, 0xe8, 0xae, 0x07, 0x55, 0x20,
  0xe5, 0xec, 0xd5, 0x16, 0xb6, 0xe2, 0xc3, 0x4f, 0x43, 0x33, 0x19, 0xbb,
  0x2e, 0x56, 0x73, 0x4a, 0xa4, 0xde, 0x8e, 0x4d, 0x7f, 0x14, 0x94, 0x2f,
  0x96, 0x53, 0x54, 0xd1, 0xa7, 0xcd, 0xde, 0xb5, 0x9a, 0x23, 0x81, 0x0b,
  0x23, 0x13, 0x08, 0x37, 0xad, 0x0b, 0xf9, 0x40, 0xd7, 0xec, 0x8e, 0xd4,
  0xd9, 0x46, 0x1c, 0xf0, 0x23, 0xe6, 0xd3, 0x0b, 0x15, 0xf5, 0xbc, 0xcf,
  0x2c, 0x0d, 0x52, 0xb6, 0xf5, 0xd3, 0x3b, 0x0f, 0x3f, 0xf4, 0xf4, 0xab,
  0xdd, 0xf5, 0x24, 0x3e, 0x2f, 0xea, 0xc5, 0xf8, 0x6d, 0xc3, 0xf8, 0x28,
  0xf0, 0xc5, 0x47, 0xe1, 0x03, 0xef, 0xdf, 0xe7, 0x20, 0x32, 0xa6, 0x0a,
  0xc6, 0x87, 0x13, 0x7b, 0xce, 0x18, 0xa8, 0xf1, 0x05, 0x21, 0xa7, 0x11,
  0x29, 0xdf, 0x8f, 0x48, 0xd9, 0xf1, 0xa3, 0xf1, 0x81, 0x04, 0x55, 0x7a,
  0x63, 0xce, 0x4f, 0xa0, 0x20, 0x18, 0x46, 0xb0, 0x14, 0x01, 0x6f, 0x07,
  0xe5, 0x56, 0x31, 0xce, 0x00, 0x52, 0xff, 0x0c, 0x43, 0xe3, 0x70, 0x27,
  0xce, 0xda, 0xe8, 0xe6, 0x73, 0xe3, 0x53, 0xe4, 0x6b, 0xf9, 0x15, 0x7f,
  0xf5, 0xc8, 0x7f, 0xe7, 0xdc, 0xfe, 0x17, 0x00, 0xd7, 0x7f, 0xe4, 0xe7,
  0xda, 0x3b, 0x0a, 0x01, 0xee, 0x19, 0x21, 0x34, 0xef, 0xfb, 0x02, 0x27,
  0x0a, 0xf0, 0x21, 0xf7, 0x3a, 0x0d, 0xf2, 0xee, 0xe2, 0x08, 0x4f, 0x01,
  0x0d, 0xc5, 0xf5, 0xc9, 0x42, 0x25, 0x09, 0xdf, 0x01, 0xb9, 0x8e, 0xd9,
  0x26, 0xd5, 0xbb, 0xfe, 0x81, 0x09, 0xdd, 0xe8, 0x0d, 0xf5, 0xf2, 0xd4,
  0xf7, 0xf6, 0xbc, 0x20, 0xcf, 0xef, 0x10, 0xf7, 0x16, 0xa9, 0xb8, 0xf1,
  0xf5, 0xb2, 0xca, 0xe9, 0xac, 0x03, 0xee, 0x14, 0x22, 0xf1, 0xb4, 0x07,
  0xaf, 0xae, 0x1a, 0xfc, 0x19, 0xdd, 0xd2, 0x19, 0xee, 0x28, 0x7f, 0xfd,
  0xdb, 0x10, 0xf9, 0x11, 0x46, 0xb5, 0x3d, 0x06, 0x1c, 0x08, 0x21, 0xea,
  0xf0, 0xf1, 0x0a, 0xf2, 0x63, 0xbd, 0xe0, 0xf9, 0xea, 0x0e, 0x45, 0xb3,
  0x13, 0xeb, 0xfe, 0xf7, 0x4f, 0xfc, 0xfc, 0x00, 0xea, 0x13, 0xda, 0xe0,
  0xfa, 0xcc, 0xf0, 0xbb, 0xb8, 0xa4, 0xf9, 0x2b, 0xfd, 0xc0, 0xbd, 0xf7,
  0x1c, 0x13, 0x2b, 0xc8, 0x0e, 0x2b, 0xe1, 0xd7, 0x10, 0xf6, 0x3e, 0xf3,
  0xe3, 0xd5, 0x11, 0x32, 0x29, 0x37, 0xdc, 0x18, 0xeb, 0x42, 0x57, 0xff,
  0x54, 0x1a, 0xe6, 0x7f, 0x35, 0xe9, 0x08, 0x44, 0x48, 0x2e, 0x7f, 0xdf,
  0x67, 0x26, 0x9c, 0x3b, 0x60, 0xc1, 0x4c, 0xeb, 0xe4, 0xfb, 0x51, 0xe0,
  0x6c, 0xd6, 0x9c, 0xfb, 0x3f, 0xea, 0x53, 0xfb, 0xfb, 0xee, 0xcb, 0xfe,
  0x47, 0x4a, 0xeb, 0x14, 0x20, 0xad, 0x64, 0xb1, 0xe6, 0xfa, 0x32, 0xd9,
  0x30, 0x18, 0xea, 0x29, 0x1d, 0xbd, 0x2f, 0x06, 0x14, 0xdd, 0x05, 0xc0,
  0xe8, 0xce, 0xf8, 0x2e, 0xf0, 0x98, 0xdb, 0x01, 0xf1, 0x39, 0xe5, 0xbb,
  0xe4, 0xec, 0x07, 0xee, 0xc5, 0x95, 0xdc, 0x0e, 0x08, 0x26, 0xf5, 0x81,
  0xed, 0x28, 0x27, 0xf2, 0x45, 0x92, 0x30, 0xf9, 0x44, 0x0e, 0x95, 0x9d,
  0x78, 0xc9, 0x47, 0x36, 0x95, 0x1d, 0x66, 0xfc, 0x48, 0x39, 0xbd, 0x09,
  0x50, 0x22, 0x29, 0xd5, 0x2d, 0x0c, 0x59, 0x8e, 0xeb, 0xdd, 0x15, 0xd7,
  0xa9, 0xbe, 0x05, 0x7c, 0xa3, 0x81, 0xa9, 0x8f, 0x52, 0x74, 0xcc, 0x24,
  0xda, 0x47, 0x24, 0x20, 0x15, 0x1d, 0x8e, 0x7f, 0xf8, 0x0b, 0x8e, 0x04,
  0x06, 0x37, 0x15, 0x0b, 0xd5, 0x12, 0xb4, 0xf8, 0xe0, 0x31, 0x98, 0xe9,
  0x9a, 0xab, 0xdd, 0x22, 0xa0, 0xd0, 0x91, 0xc3, 0xf7, 0xbf, 0x9b, 0x0c,
  0xd5, 0xe8, 0xe9, 0x31, 0xe3, 0xf6, 0x3d, 0x13, 0xea, 0x7f, 0x06, 0x33,
  0xe8, 0xde, 0x11, 0x1d, 0x1d, 0xf0, 0xe9, 0xb3, 0xf3, 0xe9, 0x0d, 0x1c,
  0x38, 0x0c, 0x09, 0xfe, 0x38, 0xe5, 0x19, 0x3d, 0xc9, 0x3c, 0x1f, 0x14,
  0x18, 0x5a, 0xef, 0x49, 0x11, 0xd5, 0x01, 0x37, 0x02, 0xe7, 0x1e, 0xe3,
  0xce, 0xf1, 0x75, 0x31, 0x18, 0xfb, 0x13, 0xcf, 0x01, 0x33, 0xd2, 0xc5,
  0xc4, 0x3f, 0xfb, 0x0e, 0xe8, 0xe5, 0x16, 0xeb, 0xd1, 0xec, 0xe6, 0x1c,
  0x15, 0xe3, 0xcc, 0xf4, 0xd4, 0xe4, 0x0c, 0xfd, 0x97, 0x3f, 0xf7, 0x24,
  0xeb, 0xf4, 0x81, 0x33, 0xf7, 0xa1, 0xd1, 0xb5, 0xb9, 0x14, 0x9f, 0x11,
  0x14, 0xb7, 0x04, 0xc4, 0xf4, 0xbf, 0xde, 0x1b, 0xd8, 0x1d, 0x1e, 0xe4,
  0x23, 0xef, 0xf2, 0x06, 0xee, 0x81, 0xc5, 0x1d, 0x08, 0x22, 0x4a, 0xe4,
  0x1f, 0x55, 0x3e, 0x4a, 0x34, 0xdd, 0xc2, 0x5d, 0x49, 0xfa, 0xff, 0x1b,
  0x07, 0xf7, 0x44, 0xb2, 0x0a, 0x11, 0xf9, 0x08, 0x2b, 0xff, 0x32, 0xc3,
  0xcd, 0x06, 0xd1, 0x11, 0x4e, 0x15, 0xfc, 0xec, 0xb1, 0x19, 0x73, 0xf7,
  0xe0, 0xd7, 0xf4, 0xeb, 0x7f, 0x47, 0x4a, 0x22, 0xa4, 0x1f, 0x39, 0x3c,
  0x04, 0x17, 0xbd, 0x18, 0x57, 0xac, 0xd2, 0x16, 0x10, 0x01, 0x2c, 0xf9,
  0xaf, 0x0f, 0x01, 0x10, 0x49, 0xd1, 0x02, 0xf0, 0xe9, 0xf6, 0x68, 0x26,
  0xe1, 0xd5, 0xd1, 0xf5, 0x62, 0x17, 0x17, 0xf9, 0x2b, 0x0c, 0x44, 0xe5,
  0x0e, 0xf1, 0x25, 0xe6, 0x7f, 0x3f, 0x1e, 0x17, 0x0a, 0x08, 0x3c, 0x48,
  0x40, 0x04, 0xe5, 0x4f, 0xd9, 0x13, 0x0c, 0xaf, 0x21, 0x70, 0x31, 0x23,
  0x44, 0xf8, 0x49, 0x33, 0x44, 0x0c, 0x25, 0xf7, 0xea, 0x49, 0x28, 0x0a,
  0x05, 0x35, 0x14, 0x5e, 0x43, 0x1e, 0x30, 0x2f, 0xf8, 0x3b, 0xed, 0x02,
  0xec, 0xc7, 0x33, 0x7f, 0x9f, 0xe5, 0x11, 0x45, 0x7f, 0x0e, 0x1f, 0xce,
  0x03, 0xfd, 0x77, 0x5a, 0xfd, 0xe6, 0xe2, 0x01, 0x05, 0x08, 0x05, 0xf7,
  0x3e, 0xfe, 0x2f, 0x2e, 0x04, 0x17, 0x18, 0x68, 0x57, 0x32, 0x52, 0x50,
  0xca, 0x36, 0x17, 0x05, 0x23, 0xff, 0xf7, 0xe2, 0x7c, 0x60, 0xfc, 0xcc,
  0x4e, 0xbb, 0xb0, 0xb5, 0x7f, 0x55, 0xf1, 0xe5, 0x3b, 0xca, 0x49, 0x5a,
  0x2e, 0x15, 0x03, 0xac, 0x5e, 0xcd, 0xe8, 0xee, 0xc8, 0x02, 0x62, 0x1f,
  0x13, 0xe8, 0xe8, 0x24, 0x1e, 0x5e, 0x5b, 0xd7, 0xf1, 0xbb, 0x43, 0xe2,
  0x5c, 0xfe, 0xf5, 0xae, 0x81, 0x2a, 0x1e, 0x0f, 0xf7, 0xf7, 0x95, 0xf1,
  0x12, 0x15, 0xe3, 0x1a, 0xd5, 0xb0, 0x09, 0xd8, 0xda, 0x02, 0x26, 0x14,
  0xbd, 0x23, 0x3c, 0x3f, 0x54, 0x35, 0xd7, 0xef, 0xd8, 0x3c, 0x5a, 0x17,
  0xf3, 0x0c, 0xf1, 0x05, 0x65, 0xe9, 0xf8, 0x0f, 0x06, 0xc3, 0x88, 0xf3,
  0x04, 0xc4, 0xb1, 0x9d, 0xfe, 0xd7, 0x27, 0xd5, 0x0e, 0x0e, 0xd1, 0xfb,
  0xe8, 0xc7, 0xb7, 0x0c, 0xb8, 0xfc, 0xf1, 0x51, 0xdb, 0x0c, 0xc2, 0x17,
  0xed, 0x63, 0x33, 0x19, 0x42, 0x34, 0x1a, 0x7f, 0x0d, 0x4e, 0xee, 0x45,
  0x98, 0x45, 0x02, 0x50, 0x52, 0x9e, 0xc5, 0x21, 0x2d, 0x0d, 0x50, 0x00,
  0xba, 0x00, 0xf3, 0xdd, 0x12, 0x01, 0x12, 0xd1, 0xf3, 0x15, 0x24, 0xd0,
  0xf2, 0x00, 0xf9, 0x09, 0x48, 0xf4, 0x21, 0xdc, 0x0f, 0x08, 0x2e, 0xe7,
  0xde, 0x18, 0xfc, 0xf2, 0x7f, 0xff, 0xf1, 0x0f, 0xf6, 0x09, 0x58, 0x4c,
  0x30, 0xcd, 0xed, 0x0f, 0x21, 0x27, 0xf6, 0xfa, 0xfc, 0x01, 0x60, 0xe1,
  0x16, 0xfc, 0x4c, 0xd1, 0x33, 0x30, 0x3d, 0x5d, 0xfe, 0xfc, 0x4b, 0xee,
  0x7f, 0xfb, 0xd5, 0xe7, 0xde, 0x70, 0x2b, 0x35, 0x2c, 0x19, 0xcd, 0x35,
  0x04, 0xb0, 0xa1, 0x21, 0xcb, 0x09, 0x94, 0x06, 0x2e, 0xce, 0x12, 0xc5,
  0xb9, 0xf7, 0x3a, 0x0a, 0xce, 0x05, 0x81, 0x2c, 0xd1, 0xf8, 0x2e, 0xd7,
  0x87, 0x30, 0x29, 0x12, 0x3f, 0xce, 0x8b, 0xee, 0xee, 0x04, 0x4b, 0xf7,
  0xbd, 0xe1, 0xf2, 0x1b, 0xe9, 0x40, 0xc6, 0x37, 0xe8, 0x0e, 0xf3, 0x14,
  0xef, 0x3b, 0x2c, 0x5d, 0x37, 0x2a, 0x48, 0x4f, 0x23, 0x1b, 0x1e, 0x11,
  0x0a, 0xdd, 0x12, 0x17, 0xd4, 0x1b, 0x1b, 0x13, 0xf7, 0x1e, 0xd3, 0xe0,
  0xf9, 0xd9, 0xd6, 0xfa, 0x2d, 0x0c, 0xdf, 0xb0, 0xcb, 0xc6, 0x13, 0x2b,
  0xdb, 0xd3, 0xc1, 0x81, 0x1f, 0x84, 0x32, 0x1f, 0x01, 0x02, 0x49, 0x8b,
  0xdd, 0xfe, 0xca, 0xee, 0x34, 0x81, 0x1c, 0x05, 0x2c, 0x04, 0x06, 0xa1,
  0xf1, 0xc8, 0xd8, 0x20, 0x05, 0xc2, 0x3a, 0x18, 0xec, 0x35, 0x54, 0x85,
  0x25, 0xf0, 0x3d, 0xee, 0x39, 0xaa, 0xec, 0xd8, 0xe8, 0xed, 0xdb, 0xda,
  0xaa, 0xb0, 0xcd, 0xf6, 0x25, 0xe8, 0x11, 0x81, 0xd8, 0x68, 0xc7, 0xde,
  0xe6, 0x88, 0xab, 0x0b, 0xde, 0x51, 0xe2, 0xa9, 0xa9, 0x35, 0xeb, 0xd8,
  0x48, 0xb1, 0xbf, 0xf4, 0x56, 0x32, 0x23, 0x98, 0xcc, 0xf5, 0xf6, 0x6f,
  0x5f, 0xf3, 0x8f, 0xfa, 0x54, 0x48, 0xd1, 0xfc, 0x92, 0x33, 0x56, 0x7f,
  0xa3, 0xf7, 0x90, 0x27, 0x72, 0x0a, 0x29, 0x15, 0x37, 0x3d, 0xf6, 0x1d,
  0x25, 0x1a, 0xc9, 0xa4, 0x3f, 0xdb, 0xfe, 0x4b, 0xd1, 0xaa, 0x5d, 0x4b,
  0xea, 0xfe, 0xcf, 0xb0, 0x65, 0x49, 0xcf, 0x5a, 0xeb, 0xcc, 0x0e, 0x40,
  0x01, 0xf6, 0xa4, 0xf9, 0xf6, 0xd5, 0x6a, 0x3e, 0xa4, 0x41, 0x16, 0xfc,
  0x22, 0x39, 0x00, 0xe2, 0x0f, 0x3a, 0x57, 0xc4, 0xd5, 0xbb, 0xed, 0x16,
  0xdc, 0x03, 0x27, 0x03, 0x99, 0x16, 0xec, 0x41, 0xbe, 0xb0, 0x81, 0xc6,
  0xed, 0xee, 0xb0, 0xa0, 0xcf, 0xa1, 0x74, 0x24, 0xd9, 0x55, 0xcf, 0xfd,
  0x3c, 0x20, 0xfb, 0x33, 0xac, 0x9a, 0x48, 0xcf, 0x44, 0xdb, 0x1d, 0x98,
  0x17, 0xc8, 0xf8, 0xc9, 0xdb, 0x81, 0x1b, 0xc4, 0x11, 0xfa, 0x2c, 0x95,
  0x60, 0x36, 0xcb, 0x24, 0xae, 0x0d, 0x08, 0x68, 0x45, 0x14, 0x08, 0xd7,
  0x0a, 0xcc, 0x42, 0x59, 0xff, 0xff, 0x11, 0xc5, 0xea, 0x51, 0xfd, 0xab,
  0x28, 0xb8, 0xe1, 0x44, 0x0c, 0xe8, 0xfc, 0xcd, 0x23, 0x54, 0x13, 0x0b,
  0x11, 0xf2, 0xca, 0x3b, 0x2b, 0xba, 0x39, 0xb3, 0xea, 0xd4, 0x7f, 0xc9,
  0x16, 0xa1, 0xe9, 0xd6, 0x7f, 0xbc, 0xdd, 0x4d, 0x41, 0x2c, 0x0c, 0xfc,
  0x30, 0x13, 0xc7, 0xed, 0x5f, 0x3d, 0x02, 0xfb, 0x19, 0x25, 0x31, 0x08,
  0x24, 0x13, 0xaf, 0xc5, 0xfa, 0x1c, 0x31, 0x06, 0x42, 0x27, 0xec, 0x1b,
  0x2e, 0x00, 0xdc, 0xdf, 0x0a, 0x5b, 0x1d, 0xca, 0xd4, 0x56, 0x7f, 0xa9,
  0xd7, 0xfb, 0x91, 0xef, 0x3d, 0xbf, 0xb6, 0xf2, 0xca, 0xa9, 0x5c, 0x01,
  0x00, 0x1f, 0xb6, 0xf3, 0xe9, 0xdf, 0x43, 0x1e, 0xcc, 0xd6, 0xd1, 0x5e,
  0x4c, 0xdc, 0xbf, 0x2e, 0x19, 0x1d, 0x0e, 0x2f, 0xe5, 0xfe, 0x9d, 0x78,
  0xe2, 0x09, 0xa9, 0x49, 0xb8, 0xd7, 0xc0, 0xc1, 0x14, 0x25, 0x81, 0xce,
  0xd4, 0xe0, 0x18, 0xf1, 0xaa, 0xbf, 0xa7, 0x27, 0xee, 0x68, 0xad, 0x54,
  0xbc, 0xbf, 0xc0, 0xff, 0xbd, 0x09, 0xff, 0x02, 0xdb, 0x39, 0xc2, 0xff,
  0x1b, 0x33, 0x8c, 0x18, 0x15, 0x4c, 0xbe, 0x3c, 0xb7, 0x57, 0x08, 0x35,
  0x7f, 0xf0, 0xaf, 0x14, 0x2b, 0x30, 0x34, 0xfc, 0x26, 0xdf, 0x23, 0x07,
  0xf4, 0x06, 0xb4, 0xee, 0x66, 0x00, 0x14, 0xbc, 0xf2, 0xcb, 0x7c, 0x1b,
  0x32, 0x13, 0xf7, 0x23, 0x3c, 0xdf, 0x47, 0x28, 0x30, 0x0e, 0x31, 0xc0,
  0xfb, 0xde, 0x09, 0xee, 0xe2, 0xf1, 0x1f, 0xe1, 0xdc, 0x7f, 0xf3, 0x28,
  0x06, 0x12, 0xc4, 0x17, 0x31, 0xd2, 0x1e, 0x18, 0x08, 0xf2, 0xe0, 0x21,
  0x25, 0xd3, 0xed, 0x16, 0x2f, 0xc5, 0x0b, 0x09, 0xee, 0xc8, 0xda, 0x1a,
  0xf5, 0x17, 0xbb, 0xc1, 0xc7, 0xa4, 0xe2, 0xfc, 0x8d, 0xf4, 0xb2, 0x2e,
  0xfa, 0x33, 0x61, 0x06, 0xca, 0x39, 0xb2, 0xf0, 0x49, 0xa3, 0x94, 0xdf,
  0x44, 0x14, 0xf1, 0x95, 0x85, 0xc5, 0xb8, 0x60, 0x4b, 0xb2, 0x3e, 0x37,
  0x13, 0x0c, 0x1a, 0x07, 0x12, 0xe7, 0x20, 0x7f, 0x79, 0x71, 0x35, 0x37,
  0xc5, 0x5e, 0x24, 0xe8, 0x7f, 0x03, 0x16, 0xbc, 0x26, 0xc9, 0x3e, 0x1f,
  0x79, 0x3f, 0x16, 0x91, 0x53, 0xa5, 0x49, 0xb6, 0x8e, 0xfa, 0x22, 0x0b,
  0x4f, 0x41, 0x81, 0xf7, 0xd0, 0xf1, 0x6e, 0xed, 0xb8, 0x52, 0x1a, 0xea,
  0x66, 0xcc, 0xe1, 0x05, 0x4b, 0xfb, 0x63, 0xd2, 0xc9, 0x25, 0xba, 0x23,
  0x94, 0x07, 0x73, 0xe3, 0x32, 0x26, 0x9c, 0xcc, 0x7b, 0x60, 0x5d, 0xb2,
  0x81, 0x36, 0x1b, 0x42, 0x1f, 0x17, 0xc9, 0xa4, 0x1e, 0x32, 0x46, 0x57,
  0xe5, 0xb8, 0xde, 0xe7, 0x50, 0x57, 0xf3, 0x1c, 0x02, 0x2f, 0x43, 0xfc,
  0xf8, 0xe4, 0x4a, 0xf4, 0x5b, 0x40, 0x19, 0xa2, 0x9a, 0x19, 0x19, 0x2d,
  0x05, 0xe8, 0xcb, 0x54, 0x16, 0xc1, 0xe2, 0xd4, 0x14, 0x71, 0x40, 0xe7,
  0x1d, 0xfc, 0x05, 0x3f, 0xb6, 0xcd, 0x2a, 0x36, 0x11, 0x08, 0x01, 0xf7,
  0xe6, 0x2c, 0xf7, 0x29, 0xfe, 0x3a, 0xcb, 0x4b, 0xc9, 0x7f, 0xda, 0x1c,
  0xe9, 0xec, 0xc8, 0xb6, 0xd7, 0xe1, 0x0b, 0xe8, 0x1f, 0xe4, 0xcf, 0xf6,
  0xf4, 0xdf, 0x16, 0xe0, 0xde, 0x0f, 0x0f, 0xdb, 0xf0, 0xf1, 0xe4, 0x26,
  0xdd, 0xf6, 0x10, 0xca, 0xec, 0xe1, 0xe5, 0xcc, 0xfc, 0xc0, 0x24, 0xe6,
  0x15, 0xe3, 0xf3, 0x81, 0xf5, 0x34, 0xe3, 0xdc, 0xf6, 0x29, 0xde, 0x41,
  0xd4, 0x01, 0xc6, 0x14, 0x27, 0x21, 0xc6, 0x0c, 0x02, 0x0a, 0x1a, 0x01,
  0xec, 0x04, 0xd2, 0x2b, 0x26, 0xd2, 0x18, 0x0a, 0xd8, 0x5a, 0x1a, 0xe8,
  0xc6, 0xe7, 0xdb, 0x65, 0xdb, 0x2a, 0x02, 0x06, 0xf3, 0x7f, 0xcc, 0x43,
  0x12, 0xa3, 0xf7, 0x25, 0xe4, 0x33, 0xee, 0xcf, 0xf4, 0x8e, 0xb4, 0x31,
  0xb1, 0x54, 0x0d, 0xba, 0x22, 0xdb, 0xfe, 0xeb, 0x01, 0xa7, 0x68, 0xcb,
  0xac, 0xc8, 0x69, 0x4e, 0xdf, 0x1a, 0x15, 0x93, 0x27, 0x29, 0xe1, 0x46,
  0xd4, 0x8d, 0x1e, 0x7f, 0x1b, 0x34, 0xf9, 0x48, 0xcc, 0xdf, 0x0b, 0x31,
  0x0e, 0x3a, 0xc5, 0x0d, 0x12, 0xde, 0xec, 0xe3, 0xd5, 0xe7, 0xe5, 0x01,
  0xfc, 0xc4, 0xf6, 0xe6, 0x18, 0xda, 0x1a, 0xb2, 0x00, 0x26, 0xe6, 0xf7,
  0x05, 0xcd, 0xc3, 0x20, 0x0c, 0xee, 0x04, 0x81, 0x0b, 0xd4, 0x41, 0xf8,
  0x15, 0xf9, 0xb5, 0xab, 0x12, 0xeb, 0x08, 0xf8, 0x05, 0xbe, 0x13, 0xe6,
  0x25, 0xe7, 0x06, 0xd9, 0x1d, 0xe4, 0xd9, 0xf8, 0x36, 0x01, 0x03, 0x38,
  0xce, 0x02, 0x12, 0xf4, 0x1d, 0x28, 0xe4, 0xfa, 0xea, 0x3d, 0x0f, 0x43,
  0x38, 0x2c, 0x36, 0x7f, 0x39, 0xf1, 0x2e, 0x34, 0xe0, 0x57, 0x27, 0x0a,
  0x1a, 0x3d, 0x01, 0x3e, 0xcc, 0xe2, 0x0a, 0xe3, 0xfa, 0x2a, 0xc3, 0x29,
  0x17, 0x9f, 0xe1, 0x0c, 0xdb, 0x40, 0xfe, 0xb7, 0xcb, 0xd9, 0x13, 0xe0,
  0xc6, 0x85, 0xda, 0xbf, 0x43, 0xf2, 0xf1, 0xd0, 0xb1, 0x81, 0xf5, 0xd6,
  0x01, 0x61, 0x0e, 0xd5, 0xd8, 0x2b, 0xe3, 0x32, 0x15, 0xd8, 0x0e, 0xf3,
  0xf3, 0x7f, 0x2c, 0xd3, 0x16, 0x06, 0x18, 0x50, 0xfd, 0xda, 0x0e, 0x0f,
  0x26, 0x7d, 0x42, 0x25, 0x18, 0x11, 0xd9, 0x67, 0x1b, 0x37, 0xf5, 0x04,
  0xfd, 0xf4, 0x40, 0x1b, 0x06, 0xb0, 0x7f, 0x3a, 0xe5, 0xe3, 0x1b, 0xc9,
  0x70, 0x28, 0xe2, 0x1f, 0xe8, 0xeb, 0xec, 0x1e, 0xc7, 0xb3, 0xea, 0xad,
  0x5d, 0x19, 0xe4, 0x04, 0xfc, 0xa0, 0x31, 0xb8, 0x30, 0x25, 0xa7, 0xe4,
  0xf2, 0xf1, 0xbc, 0x2a, 0x8e, 0x92, 0xf1, 0xe6, 0x02, 0xac, 0x0f, 0x04,
  0x02, 0x15, 0x7f, 0x06, 0xe2, 0xed, 0x19, 0x19, 0x75, 0x2f, 0x2a, 0xce,
  0xd9, 0xe5, 0x2e, 0x0e, 0x13, 0x02, 0xc7, 0xea, 0x22, 0xfd, 0xdd, 0xe1,
  0x20, 0x0e, 0xc9, 0xf7, 0xfb, 0x30, 0xbc, 0xef, 0x02, 0xce, 0x26, 0xef,
  0x1c, 0xfa, 0xb8, 0xe1, 0x65, 0xc3, 0xdd, 0xeb, 0x56, 0x5f, 0x3f, 0x3d,
  0x9b, 0x49, 0x35, 0x1e, 0xe9, 0xb4, 0x41, 0xf0, 0x19, 0x14, 0xdc, 0x5f,
  0x01, 0x9d, 0x1d, 0xe0, 0x3b, 0x48, 0xe9, 0x15, 0xd7, 0xe9, 0x10, 0xff,
  0x2d, 0x81, 0xd4, 0xd3, 0x15, 0xcc, 0x71, 0xda, 0xad, 0xa2, 0xfb, 0x11,
  0x05, 0x39, 0xd7, 0x1b, 0xab, 0x08, 0xd7, 0xdb, 0x49, 0xcf, 0xc4, 0xf3,
  0xb8, 0xf1, 0x45, 0xd9, 0x93, 0x13, 0xaf, 0x81, 0x42, 0xd5, 0x23, 0xec,
  0x01, 0x83, 0x1b, 0xe9, 0x9d, 0x14, 0x91, 0xe5, 0x0a, 0x11, 0x31, 0xa7,
  0x8f, 0x84, 0xcd, 0xe1, 0xf3, 0x39, 0x15, 0x03, 0x72, 0xf9, 0x44, 0xe3,
  0xce, 0x0e, 0x03, 0x20, 0x3e, 0x16, 0x28, 0xd5, 0x42, 0x1e, 0x46, 0x1e,
  0xc2, 0x21, 0x12, 0x05, 0x4a, 0xdb, 0x1c, 0x22, 0xc6, 0xfc, 0x57, 0xf8,
  0xff, 0xfe, 0x25, 0x2d, 0x18, 0x28, 0xc8, 0x0e, 0x0c, 0x7f, 0xdb, 0xea,
  0xd0, 0x28, 0x09, 0x14, 0xa3, 0x47, 0xde, 0xe0, 0x85, 0x1b, 0xa7, 0x62,
  0x3f, 0xf3, 0xc9, 0x2c, 0x0d, 0x28, 0xc1, 0xf4, 0x55, 0x15, 0xa9, 0x28,
  0xf8, 0x32, 0x7f, 0x0e, 0xe1, 0x2f, 0x37, 0x38, 0x5a, 0xfd, 0xb9, 0x05,
  0x56, 0x29, 0x01, 0xea, 0x82, 0xe7, 0xff, 0xff, 0x04, 0x00, 0x00, 0x00,
  0x00, 0x01, 0x00, 0x00, 0x14, 0xfa, 0xff, 0xff, 0xe0, 0xff, 0xff, 0xff,
  0x3f, 0xfa, 0xff, 0xff, 0x5b, 0x01, 0x00, 0x00, 0xb6, 0xfb, 0xff, 0xff,
  0x38, 0x01, 0x00, 0x00, 0xac, 0x02, 0x00, 0x00, 0xce, 0xff, 0xff, 0xff,
  0x0a, 0xfc, 0xff, 0xff, 0x19, 0x00, 0x00, 0x00, 0x1a, 0xfc, 0xff, 0xff,
  0x0f, 0xfc, 0xff, 0xff, 0x93, 0xf5, 0xff, 0xff, 0x4d, 0xff, 0xff, 0xff,
  0x81, 0xfc, 0xff, 0xff, 0xb2, 0xfb, 0xff, 0xff, 0xd9, 0xff, 0xff, 0xff,
  0xe8, 0xfd, 0xff, 0xff, 0xee, 0xfc, 0xff, 0xff, 0xe1, 0xfd, 0xff, 0xff,
  0xfc, 0xf9, 0xff, 0xff, 0x13, 0x00, 0x00, 0x00, 0x46, 0xfe, 0xff, 0xff,
  0x6c, 0x00, 0x00, 0x00, 0x63, 0xfd, 0xff, 0xff, 0x38, 0x00, 0x00, 0x00,
  0xbb, 0xfb, 0xff, 0xff, 0x98, 0xfc, 0xff, 0xff, 0x4c, 0xfe, 0xff, 0xff,
  0x28, 0xff, 0xff, 0xff, 0x82, 0xfb, 0xff, 0xff, 0x81, 0xf9, 0xff, 0xff,
  0xdb, 0xfb, 0xff, 0xff, 0x0b, 0xff, 0xff, 0xff, 0x62, 0xf5, 0xff, 0xff,
  0x36, 0xff, 0xff, 0xff, 0x6e, 0xfb, 0xff, 0xff, 0xf9, 0xfe, 0xff, 0xff,
  0xe8, 0xfa, 0xff, 0xff, 0x82, 0xf8, 0xff, 0xff, 0x3f, 0xfd, 0xff, 0xff,
  0x6a, 0x00, 0x00, 0x00, 0x39, 0xfc, 0xff, 0xff, 0xc7, 0x00, 0x00, 0x00,
  0x9a, 0x02, 0x00, 0x00, 0x26, 0xfd, 0xff, 0xff, 0x46, 0xfa, 0xff, 0xff,
  0x24, 0xf6, 0xff, 0xff, 0x19, 0xf6, 0xff, 0xff, 0x53, 0xfd, 0xff, 0xff,
  0x69, 0xfc, 0xff, 0xff, 0xc0, 0xfe, 0xff, 0xff, 0xfa, 0xfd, 0xff, 0xff,
  0x27, 0xf4, 0xff, 0xff, 0x23, 0xfe, 0xff, 0xff, 0x4c, 0xfc, 0xff, 0xff,
  0x18, 0xfe, 0xff, 0xff, 0x6b, 0x01, 0x00, 0x00, 0xa7, 0xff, 0xff, 0xff,
  0xe1, 0xfc, 0xff, 0xff, 0xb0, 0x00, 0x00, 0x00, 0x06, 0xf9, 0xff, 0xff,
  0xff, 0xfe, 0xff, 0xff, 0x43, 0xf8, 0xff, 0xff, 0x8e, 0xe8, 0xff, 0xff,
  0x04, 0x00, 0x00, 0x00, 0x00, 0x0e, 0x00, 0x00, 0x15, 0xe5, 0xdf, 0x1d,
  0x06, 0x37, 0x0d, 0xe4, 0xbd, 0xe7, 0xdc, 0xd3, 0x1c, 0xf7, 0x1a, 0xf0,
  0xfc, 0x9e, 0x10, 0xd2, 0x01, 0xb3, 0xc3, 0xcc, 0xae, 0xdb, 0x4e, 0xf4,
  0x21, 0xbd, 0xae, 0xf1, 0x0f, 0xea, 0x07, 0x1a, 0x12, 0x0c, 0x21, 0xdc,
  0xbf, 0xe9, 0x3f, 0xec, 0x03, 0x97, 0xe7, 0xee, 0x35, 0xe3, 0xdb, 0xb7,
  0xdc, 0xcd, 0x01, 0xe1, 0xcf, 0x14, 0xdf, 0x25, 0xcc, 0x81, 0x3f, 0xef,
  0xdb, 0x13, 0xd3, 0x25, 0x07, 0x5e, 0x08, 0xbf, 0x0b, 0xf6, 0xf4, 0x25,
  0xdf, 0xd4, 0x16, 0x12, 0xd0, 0xb5, 0x4d, 0xba, 0xd3, 0xd9, 0xc8, 0xfd,
  0x93, 0xd4, 0xfe, 0x01, 0x69, 0xdb, 0xa9, 0xd5, 0xe7, 0x02, 0xd1, 0x01,
  0xf3, 0x00, 0xe8, 0xda, 0xb0, 0x1a, 0xf3, 0xf7, 0xd1, 0xba, 0xff, 0xde,
  0x47, 0x0f, 0x0d, 0xf8, 0xbf, 0xf7, 0x1d, 0x0d, 0x24, 0x05, 0x06, 0x0e,
  0xf5, 0xc4, 0xec, 0x07, 0xde, 0x0f, 0xd9, 0x1f, 0xd9, 0xfa, 0xc5, 0x00,
  0xc9, 0x29, 0xa2, 0xdb, 0x25, 0xf7, 0xf3, 0x02, 0x1d, 0xd3, 0xe1, 0x96,
  0x22, 0xc1, 0xe7, 0xc8, 0xae, 0x04, 0x28, 0x12, 0x29, 0xf7, 0x99, 0x2a,
  0x2c, 0xf9, 0x0a, 0xf2, 0xb9, 0xff, 0xce, 0xe4, 0xf0, 0xff, 0x2b, 0xdc,
  0xc3, 0xba, 0x2a, 0x07, 0x2b, 0xcc, 0x22, 0xe1, 0xf0, 0x29, 0x0b, 0x13,
  0x40, 0x0c, 0x0a, 0xcb, 0x1f, 0x9c, 0x31, 0x1f, 0x19, 0xd2, 0xe8, 0x09,
  0x09, 0x4f, 0xc5, 0xe8, 0xf7, 0x25, 0xa4, 0x09, 0xed, 0x32, 0xfb, 0xe8,
  0x15, 0xd4, 0x08, 0xda, 0x32, 0xc8, 0xf5, 0xb0, 0x9e, 0xce, 0x0c, 0xec,
  0x3c, 0xdd, 0xfe, 0x05, 0xd2, 0xf5, 0x0e, 0x16, 0xda, 0xdc, 0xc5, 0xeb,
  0xed, 0xf7, 0x19, 0xd9, 0x00, 0xe6, 0x39, 0x2b, 0x48, 0xdf, 0x23, 0xfe,
  0x27, 0x07, 0xfb, 0x14, 0x41, 0xd4, 0xb7, 0xca, 0xe3, 0xa7, 0x0c, 0x23,
  0xd0, 0x02, 0xde, 0xd5, 0xee, 0x36, 0xf2, 0xf1, 0xdc, 0xe9, 0xb4, 0xe6,
  0xfc, 0xe6, 0xd7, 0x0d, 0x19, 0xc3, 0x14, 0xdc, 0xd5, 0xfb, 0x16, 0x17,
  0xf5, 0xb5, 0x0d, 0x06, 0x3f, 0xae, 0x94, 0x26, 0xe2, 0xea, 0x1d, 0x0c,
  0xf3, 0x20, 0xc4, 0x30, 0xb1, 0x26, 0xeb, 0x26, 0xe4, 0xe5, 0x2d, 0xf9,
  0x2b, 0xc9, 0x10, 0xfe, 0x0a, 0x16, 0x14, 0x17, 0x32, 0xfb, 0xf7, 0xc2,
  0x02, 0xc3, 0x2c, 0x22, 0x0e, 0xd3, 0xe0, 0xdf, 0x22, 0xee, 0xc8, 0xbf,
  0xd7, 0x35, 0xe7, 0xcd, 0x0b, 0x1d, 0xe6, 0x17, 0xd4, 0xdc, 0xfa, 0xcd,
  0xf5, 0xd2, 0x00, 0x0d, 0xa8, 0x96, 0xcf, 0x08, 0x33, 0xa9, 0xb8, 0x07,
  0xcf, 0x07, 0xf5, 0x27, 0x13, 0x20, 0x02, 0x22, 0xee, 0x0b, 0x18, 0xd6,
  0x08, 0xb8, 0x13, 0x02, 0x3a, 0xf0, 0x26, 0xe4, 0x02, 0x25, 0x13, 0x00,
  0x24, 0xf5, 0xd0, 0xd4, 0xd3, 0xdf, 0x1f, 0xe7, 0xcb, 0xd8, 0xab, 0xc2,
  0x1f, 0x1f, 0xe2, 0xd9, 0x2b, 0x27, 0xbd, 0x09, 0x19, 0x08, 0xb3, 0xe7,
  0xd9, 0xab, 0xaa, 0x19, 0xdf, 0xfb, 0x08, 0x19, 0xf3, 0xa9, 0xd1, 0xf7,
  0x39, 0xd1, 0x94, 0xe9, 0xe4, 0xfd, 0xe3, 0x08, 0xea, 0x1a, 0xbd, 0x32,
  0xd5, 0xdf, 0x02, 0x09, 0xe6, 0xa4, 0x2f, 0xe3, 0xf8, 0x10, 0x2c, 0xee,
  0x23, 0xf0, 0x55, 0xfc, 0x5f, 0x0e, 0x0b, 0xce, 0x09, 0xd6, 0xf3, 0xd2,
  0xd6, 0xbd, 0xf1, 0x18, 0xb1, 0xe9, 0xc6, 0xf3, 0x17, 0x12, 0xd2, 0xb9,
  0x26, 0xc2, 0x7f, 0xc0, 0x26, 0x76, 0x05, 0x31, 0xb4, 0x24, 0xfc, 0x07,
  0xed, 0x16, 0x29, 0xab, 0xf9, 0x00, 0xfb, 0x2d, 0xd8, 0x22, 0x32, 0xf6,
  0x3e, 0x4d, 0xee, 0x14, 0xec, 0xd5, 0xf4, 0x3c, 0xd0, 0x16, 0xe1, 0x09,
  0xab, 0xc7, 0x0a, 0xae, 0xc5, 0xd6, 0xfb, 0x61, 0x06, 0x46, 0xf1, 0x19,
  0xfd, 0xed, 0x11, 0xd6, 0xbd, 0xfd, 0x00, 0x0b, 0xa7, 0x10, 0xcb, 0xf4,
  0x1a, 0xe8, 0xe8, 0xcd, 0x22, 0xec, 0x5f, 0x04, 0x10, 0x3d, 0x15, 0xeb,
  0xe4, 0x19, 0xd9, 0xe5, 0x40, 0x2b, 0x13, 0xc5, 0x15, 0xc0, 0xf6, 0xe6,
  0x3f, 0x3a, 0xf8, 0x4d, 0x24, 0x22, 0xd9, 0xcb, 0xc1, 0x0a, 0x03, 0xf7,
  0x18, 0x13, 0x0f, 0xff, 0xac, 0x04, 0xbc, 0xd0, 0xc4, 0xde, 0x2b, 0x42,
  0x29, 0x2a, 0xe7, 0x0c, 0x36, 0x16, 0xd7, 0xe3, 0xd1, 0xe6, 0xbe, 0xf0,
  0x16, 0x3d, 0xbb, 0xbb, 0x13, 0x1d, 0x1f, 0xb3, 0x21, 0x12, 0x50, 0xb9,
  0x0b, 0x59, 0xde, 0x29, 0xca, 0x0e, 0xd8, 0x19, 0x30, 0xfd, 0x26, 0xf4,
  0xe7, 0xe6, 0xf2, 0x19, 0x2f, 0xf3, 0xe9, 0x27, 0x2e, 0xf8, 0x11, 0xc2,
  0x0c, 0xde, 0x2c, 0xe1, 0x35, 0x0a, 0x05, 0xd4, 0xdc, 0xea, 0x13, 0xce,
  0xd7, 0x1c, 0x28, 0x32, 0x1c, 0x51, 0xf9, 0x13, 0xe6, 0xf5, 0x0d, 0xc6,
  0x15, 0xc1, 0xba, 0x27, 0xe3, 0x15, 0x1d, 0xee, 0x3b, 0x0f, 0x24, 0xdd,
  0x1c, 0xf3, 0x65, 0xf2, 0x3e, 0x3a, 0x1d, 0x37, 0xec, 0x33, 0xe2, 0xec,
  0x06, 0xd4, 0xe3, 0xdf, 0x15, 0x9b, 0xe8, 0xcd, 0x19, 0x09, 0x09, 0x48,
  0x18, 0x51, 0x19, 0xf6, 0xc5, 0x16, 0x1b, 0xc6, 0x04, 0x30, 0xe2, 0xb5,
  0xba, 0x1d, 0x16, 0xd4, 0xb8, 0xdf, 0x18, 0xdf, 0x21, 0x21, 0xc6, 0xe7,
  0xe0, 0x0c, 0x07, 0xc4, 0x02, 0xe0, 0xd8, 0x38, 0x05, 0x4f, 0xcd, 0xc5,
  0x14, 0x2e, 0xe4, 0xa8, 0xca, 0x0e, 0x39, 0xae, 0x06, 0x22, 0xf7, 0x2e,
  0xc8, 0x05, 0x00, 0x10, 0x05, 0xea, 0xdd, 0xc3, 0x03, 0xfe, 0x1a, 0xd2,
  0xff, 0x25, 0x24, 0xfc, 0x05, 0x4b, 0x0c, 0xc7, 0x1f, 0xe8, 0x24, 0x2e,
  0x1f, 0xf5, 0xd0, 0xf7, 0xc4, 0xe0, 0x16, 0xfe, 0xc4, 0x16, 0x24, 0x35,
  0x2c, 0xfa, 0xbb, 0x28, 0x19, 0xf7, 0xbe, 0xeb, 0xf8, 0xfc, 0x08, 0x3c,
  0xb6, 0x31, 0xc0, 0x9d, 0x4d, 0xf4, 0x0c, 0x09, 0xca, 0xce, 0x66, 0xeb,
  0x0d, 0x1a, 0x07, 0x4f, 0x07, 0xf7, 0x21, 0x20, 0xef, 0x05, 0x31, 0x9f,
  0x0d, 0xc7, 0xdc, 0x14, 0xec, 0x3d, 0xcf, 0x54, 0x2c, 0x1e, 0xbd, 0xef,
  0x23, 0x11, 0x0d, 0xdf, 0xcf, 0xf3, 0x01, 0xe0, 0xc6, 0xb6, 0x14, 0xa7,
  0xc6, 0x1d, 0x4f, 0x1a, 0x30, 0x29, 0xad, 0x25, 0x23, 0x20, 0xb0, 0x2d,
  0xdc, 0xae, 0xf6, 0x34, 0xc4, 0x1f, 0xbc, 0x9b, 0x45, 0x0a, 0x10, 0xb2,
  0x00, 0xb6, 0x23, 0xac, 0x0e, 0x62, 0xda, 0x13, 0x0b, 0x40, 0xeb, 0xf9,
  0x33, 0xf0, 0xd3, 0xdc, 0xea, 0xba, 0x1c, 0xf1, 0x27, 0x09, 0xfd, 0x31,
  0xe9, 0x31, 0xbd, 0xd9, 0xd5, 0x04, 0xe1, 0x16, 0x0e, 0x18, 0x14, 0xf6,
  0xe5, 0xcd, 0xea, 0xaa, 0xe8, 0x0b, 0x42, 0x0d, 0x5d, 0x2e, 0xdd, 0xd0,
  0x21, 0x2f, 0xd9, 0xd5, 0xc9, 0x3e, 0x2c, 0x0c, 0xcf, 0xd7, 0x02, 0xe1,
  0x24, 0x05, 0xf5, 0xff, 0x2a, 0x11, 0x14, 0xcf, 0xea, 0x1b, 0x05, 0x3c,
  0xde, 0x29, 0x1b, 0x2a, 0xf1, 0xa1, 0x11, 0xc3, 0x3f, 0xad, 0x47, 0xbd,
  0xe9, 0xea, 0xd8, 0x20, 0x1d, 0xff, 0x25, 0xe8, 0xec, 0x29, 0xa5, 0x58,
  0xec, 0x9a, 0x2a, 0x09, 0x32, 0x02, 0x48, 0xd5, 0x18, 0xe7, 0x35, 0x0b,
  0xf1, 0xf1, 0x18, 0xfe, 0x1d, 0x00, 0xcf, 0xb2, 0x0a, 0x2a, 0x36, 0x10,
  0xe1, 0x82, 0x03, 0xd9, 0xf5, 0x54, 0x00, 0x02, 0xeb, 0xe1, 0xfb, 0xfd,
  0x04, 0x30, 0xf6, 0x22, 0x27, 0xef, 0x1d, 0xf5, 0xf0, 0xd4, 0xd3, 0xbe,
  0x48, 0xb8, 0x60, 0xec, 0xdc, 0xeb, 0xef, 0x26, 0x0f, 0xf9, 0xfd, 0xcb,
  0xe8, 0x11, 0xf1, 0x25, 0x02, 0xd9, 0x32, 0xef, 0xd2, 0x17, 0x2b, 0xfe,
  0x16, 0xe1, 0x0a, 0xbb, 0x40, 0x06, 0xe6, 0xed, 0x26, 0xcd, 0xa7, 0xfe,
  0x24, 0xe8, 0x33, 0xdb, 0xb5, 0xc8, 0xdb, 0xaf, 0x11, 0x33, 0x1f, 0xe6,
  0xd6, 0xf2, 0x16, 0xa5, 0xdf, 0x5e, 0x02, 0x19, 0x27, 0x0f, 0xf6, 0x0d,
  0xdd, 0x92, 0xdf, 0xc7, 0xfd, 0xf3, 0x49, 0xfe, 0xee, 0xf4, 0xdb, 0xde,
  0x01, 0x29, 0xf5, 0x23, 0xf7, 0xf7, 0xec, 0x06, 0xfc, 0xbd, 0x36, 0xfd,
  0x17, 0xf2, 0x23, 0x0d, 0x31, 0xe0, 0x0c, 0xd2, 0x1c, 0xe9, 0x09, 0x30,
  0x2b, 0xd1, 0xc2, 0xe0, 0xce, 0xce, 0x12, 0xd1, 0xe8, 0x93, 0xc0, 0xe6,
  0x36, 0x2d, 0x0d, 0xf2, 0x1e, 0xfe, 0x1e, 0xdb, 0xe8, 0x6b, 0xd8, 0xcd,
  0x08, 0x0a, 0x18, 0x47, 0xf1, 0xd6, 0xf8, 0xd7, 0x39, 0xf9, 0x4a, 0x00,
  0xf0, 0x16, 0xe7, 0x25, 0xd6, 0x35, 0x44, 0xca, 0x14, 0xf1, 0xdc, 0x36,
  0xf7, 0xb5, 0x0b, 0x32, 0xe6, 0xfe, 0x08, 0x25, 0xde, 0xe1, 0x0c, 0xee,
  0x2b, 0x1a, 0x0f, 0x26, 0x0f, 0xff, 0xe4, 0xc6, 0x0e, 0xe0, 0x13, 0xb5,
  0xed, 0x89, 0x1f, 0x03, 0x26, 0x38, 0x1e, 0x1a, 0xba, 0xff, 0xff, 0xd3,
  0xf0, 0x57, 0xbf, 0xbd, 0xd3, 0x18, 0x24, 0xfe, 0x25, 0xdc, 0xbe, 0xde,
  0x3b, 0xef, 0x40, 0xd1, 0xcb, 0xc0, 0xf4, 0xea, 0x22, 0x1c, 0x34, 0xcb,
  0xfa, 0x07, 0x9e, 0x24, 0x10, 0x32, 0x23, 0xff, 0x15, 0xce, 0x1c, 0x46,
  0x09, 0x30, 0xd7, 0x00, 0x20, 0x25, 0xbe, 0x0b, 0xd5, 0xd7, 0xef, 0xf3,
  0x1e, 0x08, 0x22, 0xec, 0xd4, 0xc9, 0xc6, 0xe7, 0x1c, 0x3d, 0xe7, 0x33,
  0x0e, 0x03, 0x0c, 0xe9, 0xc7, 0x7f, 0xdf, 0xda, 0x06, 0xdb, 0x16, 0xc4,
  0x1d, 0xc6, 0xff, 0x14, 0xf3, 0xe1, 0x4a, 0x08, 0xf5, 0xe3, 0x16, 0xe1,
  0xf9, 0xe4, 0x2a, 0xeb, 0x13, 0x0e, 0xd0, 0x14, 0xf0, 0x48, 0xe0, 0x1a,
  0xef, 0xd5, 0x32, 0x05, 0x1b, 0xde, 0x10, 0x34, 0xcd, 0x0b, 0x1b, 0xd2,
  0xcd, 0xe2, 0x12, 0xb7, 0x05, 0xe5, 0xfe, 0xb7, 0xd3, 0xd0, 0xdd, 0xc9,
  0x15, 0x32, 0x0b, 0x2c, 0x26, 0xf2, 0x01, 0xd8, 0x03, 0x7e, 0xbb, 0xf2,
  0x16, 0x18, 0x19, 0x0b, 0x19, 0x0c, 0xf4, 0x0b, 0x29, 0xec, 0x3c, 0xb0,
  0xf6, 0xdf, 0xf5, 0xfb, 0xcc, 0xfa, 0x0d, 0xdd, 0xd8, 0x28, 0xd6, 0x0f,
  0x12, 0x0b, 0xce, 0x27, 0xf3, 0x04, 0xe9, 0x42, 0x3a, 0x33, 0x3d, 0x20,
  0x05, 0x40, 0x09, 0xd8, 0xb7, 0x22, 0x54, 0xcf, 0xe6, 0xff, 0x04, 0xbf,
  0x1e, 0xfe, 0x22, 0xf9, 0xf2, 0xef, 0x05, 0x29, 0xd8, 0x0e, 0xe8, 0x42,
  0xc5, 0xd5, 0x0f, 0xd8, 0x2c, 0xe8, 0x14, 0xce, 0xfa, 0xeb, 0x99, 0xe5,
  0x0f, 0x86, 0x19, 0xf3, 0xdc, 0xe2, 0xbb, 0xf0, 0x20, 0x26, 0x08, 0x1b,
  0x32, 0x14, 0xf1, 0x10, 0xf9, 0xa5, 0x11, 0xd4, 0xe1, 0xd6, 0xe6, 0xd6,
  0xff, 0x2d, 0x05, 0xfa, 0xe8, 0x30, 0x1b, 0x9a, 0x13, 0xd6, 0xe1, 0xe5,
  0xe5, 0x24, 0x15, 0xcd, 0x28, 0xc2, 0x2d, 0xff, 0x00, 0x28, 0xe2, 0xed,
  0xd2, 0xdd, 0xe1, 0x30, 0xdf, 0x01, 0xed, 0x1e, 0xd2, 0xf4, 0xf1, 0xda,
  0x05, 0xd1, 0x9d, 0xf4, 0xe1, 0xb6, 0x0b, 0x34, 0xbc, 0xd0, 0xae, 0x11,
  0xf6, 0xe1, 0xbc, 0xf3, 0x0a, 0x19, 0xfe, 0xef, 0x3b, 0xb0, 0xd9, 0xf2,
  0xe8, 0xbe, 0x31, 0x20, 0x24, 0x31, 0x09, 0xf4, 0x35, 0xcf, 0x41, 0xf6,
  0xec, 0x0b, 0xe7, 0xd4, 0xe5, 0xef, 0x01, 0xdf, 0xe2, 0xb7, 0x0c, 0xff,
  0x02, 0xdf, 0x14, 0x1f, 0x23, 0xdc, 0x05, 0x42, 0x04, 0xc8, 0x17, 0xf5,
  0xee, 0xf1, 0x06, 0xf7, 0x27, 0xba, 0xb8, 0x1a, 0x0a, 0x81, 0xcf, 0xec,
  0xc1, 0xde, 0xd5, 0x1e, 0x20, 0x2b, 0xb9, 0xf4, 0x04, 0x09, 0x0a, 0xe0,
  0xf0, 0xe8, 0xfa, 0x21, 0xde, 0xf3, 0xe5, 0x39, 0xef, 0xff, 0x1b, 0xd1,
  0x09, 0x1d, 0xfa, 0x02, 0xc9, 0xef, 0x15, 0xdb, 0x04, 0x0b, 0xcd, 0xc5,
  0x2d, 0xf4, 0x15, 0xea, 0x0d, 0x20, 0xe9, 0x24, 0x2f, 0xc2, 0xca, 0x35,
  0xe3, 0x21, 0xeb, 0x27, 0x24, 0x03, 0x03, 0xe7, 0xce, 0xbb, 0xcf, 0x17,
  0x0d, 0x8d, 0xe3, 0x02, 0xc1, 0xd0, 0xb7, 0x16, 0x04, 0x03, 0xf3, 0xed,
  0x16, 0x1d, 0xf6, 0x07, 0x41, 0xb2, 0x3c, 0xde, 0x0a, 0xf9, 0x23, 0x0a,
  0xe5, 0x08, 0xe0, 0xec, 0xe8, 0x0f, 0x1c, 0xc5, 0xf8, 0x2c, 0xcf, 0x04,
  0xf9, 0x3f, 0x14, 0xe6, 0x20, 0xde, 0xee, 0x15, 0x05, 0x1f, 0xe1, 0x1e,
  0xf9, 0xce, 0x1d, 0x34, 0x08, 0xca, 0x13, 0xfa, 0x01, 0x05, 0x19, 0x02,
  0xfe, 0xb3, 0xe0, 0xf8, 0x26, 0x93, 0x0a, 0x26, 0xf6, 0x0f, 0xac, 0x0b,
  0xd6, 0xec, 0xc4, 0xdb, 0x2f, 0xde, 0x0d, 0xd1, 0x14, 0xb4, 0xdf, 0x31,
  0xe5, 0xc9, 0x00, 0x2c, 0xec, 0xdf, 0xf8, 0xd9, 0x1b, 0x04, 0x4d, 0xff,
  0xd1, 0xdf, 0xf3, 0xed, 0x22, 0x1b, 0xca, 0xe5, 0xdf, 0xdd, 0x19, 0xf8,
  0x1b, 0x03, 0xe5, 0x19, 0x22, 0xc1, 0x0b, 0x29, 0xbe, 0xeb, 0xc6, 0x3f,
  0x25, 0x0e, 0xfe, 0x0e, 0x0b, 0x00, 0xe7, 0x07, 0xdb, 0x82, 0x11, 0xfa,
  0xe6, 0x09, 0xc7, 0xe3, 0x1f, 0xdf, 0xd5, 0x25, 0x4f, 0x14, 0xd4, 0xcd,
  0x0d, 0xbf, 0x30, 0x1b, 0x0d, 0xf6, 0x05, 0x43, 0x37, 0x31, 0x0f, 0xc8,
  0x13, 0xf2, 0x1f, 0xe4, 0x0d, 0x0f, 0xe3, 0x10, 0xe7, 0xe4, 0xba, 0x12,
  0x09, 0xf8, 0x22, 0x0d, 0x35, 0xeb, 0xdd, 0xeb, 0x2f, 0x13, 0xdf, 0x15,
  0x05, 0xf1, 0x02, 0xe5, 0xe1, 0xf0, 0xec, 0xf4, 0xed, 0xfc, 0x00, 0xf6,
  0x12, 0xca, 0xf0, 0x02, 0xc6, 0xb9, 0xec, 0xe8, 0x2e, 0xe4, 0x04, 0x1a,
  0x2c, 0x0b, 0xe7, 0xca, 0x08, 0xe4, 0x23, 0x17, 0x06, 0xec, 0xef, 0x34,
  0xe4, 0xe9, 0x27, 0xe5, 0x13, 0xfa, 0x0e, 0x17, 0x24, 0x2d, 0xc1, 0xf3,
  0xdb, 0xda, 0xc3, 0xf2, 0xc9, 0xfb, 0x08, 0x12, 0xb4, 0xe2, 0xfd, 0x03,
  0x25, 0x46, 0x0b, 0xcd, 0x21, 0x2d, 0x56, 0x28, 0xfd, 0xd0, 0x0e, 0xfd,
  0x20, 0x1d, 0x22, 0xf3, 0x0d, 0xf5, 0xf3, 0xb3, 0x1e, 0xfc, 0x3c, 0x23,
  0x4a, 0x1f, 0xff, 0x04, 0xbc, 0x22, 0xd8, 0xb2, 0xb1, 0xe0, 0x2e, 0xb5,
  0xff, 0x23, 0xab, 0xe0, 0xc3, 0x00, 0x32, 0xc6, 0x35, 0x54, 0x2a, 0xdd,
  0xc6, 0xca, 0x22, 0xbc, 0xba, 0xcb, 0x2a, 0xfd, 0xfc, 0xfe, 0x29, 0xd6,
  0xc4, 0x2f, 0xe3, 0xd7, 0xb4, 0x2e, 0xc0, 0x0c, 0xec, 0x06, 0x2d, 0x23,
  0xf1, 0xb7, 0xd9, 0xd7, 0x1a, 0x08, 0x0c, 0xd7, 0x1c, 0x10, 0x0c, 0xeb,
  0xe3, 0xde, 0xef, 0x35, 0x0e, 0x44, 0xfd, 0xcf, 0xcf, 0x50, 0x81, 0xdd,
  0xb9, 0x33, 0x26, 0xc8, 0x33, 0xc9, 0xfd, 0x9e, 0xf9, 0xcb, 0x29, 0x24,
  0x5e, 0x28, 0x17, 0xeb, 0xf3, 0xe8, 0x10, 0xfe, 0xf2, 0x2f, 0xff, 0xe0,
  0xbc, 0x5f, 0xfd, 0x12, 0xac, 0xd1, 0x28, 0x00, 0x1f, 0x2c, 0xed, 0xdd,
  0x4d, 0x46, 0x64, 0x5d, 0x02, 0x04, 0xee, 0x1d, 0xf2, 0x3d, 0x11, 0xb3,
  0xfa, 0x05, 0xd9, 0x09, 0x32, 0xac, 0x09, 0x0a, 0x0f, 0x06, 0x2a, 0x19,
  0xcd, 0x20, 0x90, 0xc2, 0x9d, 0xd6, 0x15, 0x07, 0xd8, 0xd8, 0xbe, 0xf2,
  0xd6, 0x02, 0x45, 0xe3, 0x58, 0x4c, 0xca, 0xfd, 0x19, 0xb6, 0x42, 0x15,
  0x95, 0xd9, 0x1c, 0xfa, 0xc5, 0x08, 0x4c, 0xca, 0xcc, 0xd6, 0xf6, 0xf4,
  0xc5, 0x06, 0xd5, 0x20, 0xff, 0x48, 0x11, 0x0d, 0xab, 0xb9, 0xd8, 0xc8,
  0x13, 0x3a, 0x35, 0xaa, 0x40, 0xc3, 0xf6, 0xc0, 0x2a, 0xaa, 0xfb, 0x1c,
  0x1a, 0x2d, 0x2a, 0xe3, 0xea, 0x56, 0x93, 0xcf, 0xfa, 0xd6, 0x41, 0x32,
  0xc5, 0xcd, 0xc0, 0xd5, 0x25, 0x21, 0x02, 0x4a, 0x26, 0x4e, 0xc9, 0xe9,
  0xe3, 0xe7, 0x1c, 0xc1, 0xdc, 0xff, 0xa8, 0x34, 0x01, 0x09, 0x21, 0x2f,
  0xcc, 0x1d, 0xc7, 0xeb, 0x14, 0x65, 0xfc, 0xfa, 0x02, 0xe7, 0x09, 0x18,
  0xca, 0xda, 0xf7, 0xea, 0x17, 0x54, 0x1e, 0xb5, 0xf3, 0xdb, 0x2e, 0xfd,
  0x12, 0xa8, 0x00, 0x0b, 0x69, 0x07, 0xff, 0xe8, 0xe8, 0xe9, 0x8e, 0x06,
  0xf8, 0x09, 0x25, 0x34, 0xd0, 0x37, 0x01, 0xce, 0xd5, 0xbf, 0x30, 0x1c,
  0x0f, 0x27, 0xe0, 0xd0, 0xfb, 0x99, 0x41, 0xef, 0xce, 0x15, 0x0b, 0x23,
  0x9f, 0xfe, 0xe3, 0xd7, 0x0a, 0x1d, 0xd9, 0xff, 0xcf, 0x1a, 0xe8, 0x29,
  0x27, 0x1c, 0x1e, 0x7a, 0xb1, 0x0b, 0xd7, 0xec, 0x0a, 0x36, 0xf1, 0xb7,
  0x42, 0xd9, 0xf7, 0x0a, 0x0b, 0x95, 0x0c, 0xf5, 0x69, 0xda, 0xfe, 0x26,
  0xe3, 0xf0, 0x89, 0xac, 0xa3, 0xf6, 0x04, 0x29, 0xc2, 0xec, 0x02, 0xf7,
  0x2c, 0x0c, 0xf6, 0xe7, 0x36, 0x32, 0xd4, 0x2e, 0x09, 0xf5, 0x39, 0xe9,
  0x9f, 0x02, 0x14, 0xfc, 0xec, 0x2a, 0x1c, 0xdc, 0xa6, 0xd4, 0xef, 0xe2,
  0x1d, 0x25, 0xce, 0xf0, 0xf4, 0xf9, 0x36, 0x3c, 0x01, 0x03, 0x1b, 0xda,
  0x22, 0xed, 0x39, 0xc4, 0x36, 0xc2, 0x33, 0xcf, 0x1f, 0xbe, 0x2f, 0x40,
  0x0f, 0xdb, 0xed, 0x24, 0x21, 0x39, 0x83, 0x93, 0xc5, 0xe5, 0x2d, 0x0b,
  0x17, 0xe8, 0xf9, 0xb7, 0x23, 0xfd, 0x0d, 0xfd, 0x48, 0x29, 0xe9, 0x31,
  0xec, 0xf4, 0x01, 0xe7, 0xff, 0xda, 0xe1, 0x34, 0xe4, 0x13, 0xbd, 0xc1,
  0xdd, 0x04, 0xd9, 0x08, 0x2f, 0xc7, 0xfd, 0xff, 0x2f, 0xfc, 0x97, 0xc2,
  0xe3, 0xad, 0xbe, 0x21, 0x13, 0x25, 0x4c, 0xd7, 0x42, 0x11, 0x4a, 0x1b,
  0x27, 0x07, 0x47, 0xe1, 0x0b, 0xee, 0x16, 0xc7, 0xba, 0x0c, 0x3a, 0x64,
  0x03, 0xb0, 0xda, 0x25, 0x70, 0x21, 0xc4, 0x06, 0xff, 0x14, 0xc8, 0x14,
  0xe6, 0xf4, 0xe8, 0x3d, 0x43, 0xfa, 0xe1, 0x0e, 0xd0, 0x1d, 0x14, 0x40,
  0xe8, 0x79, 0xf3, 0xfc, 0x15, 0xc0, 0xea, 0x4a, 0x5e, 0xda, 0x1a, 0xc3,
  0x4d, 0x0c, 0x03, 0xee, 0xe1, 0xab, 0xb4, 0xfd, 0x33, 0x35, 0x1e, 0x1a,
  0x2f, 0xb5, 0x38, 0x6a, 0x5f, 0x23, 0x6a, 0xf4, 0x11, 0xf4, 0xfd, 0x07,
  0x0b, 0x1c, 0x14, 0x3d, 0xe3, 0xd5, 0xd7, 0xe4, 0x5a, 0x25, 0xc8, 0x45,
  0xde, 0xff, 0x07, 0x1b, 0xbc, 0xfb, 0xc7, 0x33, 0x38, 0x16, 0x0b, 0x1c,
  0xbc, 0xcd, 0xcf, 0x42, 0xd1, 0x3a, 0x09, 0xdf, 0xd2, 0x04, 0x25, 0xea,
  0x29, 0x24, 0xf8, 0xc9, 0x06, 0x00, 0xb9, 0xdb, 0xe6, 0xaa, 0x0a, 0x28,
  0x0e, 0x2a, 0x3e, 0x04, 0xf1, 0xc1, 0x0b, 0x52, 0x69, 0x1a, 0x3b, 0x25,
  0x27, 0xcb, 0x35, 0xc5, 0xb4, 0x2e, 0x1b, 0x7f, 0x2e, 0xef, 0x01, 0x3b,
  0x71, 0xef, 0x00, 0x03, 0xaa, 0x0f, 0x20, 0x2c, 0xfd, 0xe9, 0x0d, 0x08,
  0x11, 0x25, 0xda, 0x0f, 0xc7, 0xf7, 0xf8, 0x3f, 0xe2, 0x36, 0xba, 0x13,
  0x09, 0xc0, 0xd6, 0xeb, 0x2b, 0xe7, 0x24, 0x20, 0x0a, 0x03, 0xc5, 0xc2,
  0x0f, 0xd4, 0xbd, 0xdc, 0xd9, 0x21, 0xed, 0xcf, 0x15, 0xff, 0x59, 0xf8,
  0x54, 0x0b, 0x0c, 0xdc, 0x32, 0x2f, 0x08, 0xea, 0xd5, 0x42, 0x35, 0x23,
  0xf3, 0xda, 0xf6, 0xd5, 0x60, 0x30, 0xda, 0x48, 0xfd, 0xda, 0xc5, 0x11,
  0xe4, 0xcb, 0x22, 0xda, 0x0e, 0xd4, 0xfb, 0x34, 0xf0, 0xf8, 0xf1, 0x43,
  0xe4, 0x0c, 0xff, 0xe4, 0xda, 0xc7, 0x12, 0x25, 0xf1, 0x07, 0xf4, 0x14,
  0x35, 0x37, 0xbc, 0xa0, 0x2a, 0x9c, 0xda, 0x17, 0x36, 0x1a, 0x15, 0xc9,
  0x02, 0x04, 0x2f, 0xe2, 0xff, 0x0d, 0x64, 0xc5, 0xdb, 0x37, 0x0f, 0x02,
  0xf9, 0x23, 0x38, 0x23, 0xf9, 0xb4, 0xdb, 0x05, 0x2b, 0x22, 0xbc, 0xff,
  0xb1, 0x0b, 0xfa, 0x35, 0x01, 0x0d, 0xe8, 0x33, 0x1b, 0xe2, 0xe5, 0xf6,
  0xb5, 0xd5, 0x0c, 0xf6, 0x1c, 0x2d, 0xd7, 0xfe, 0xe4, 0xcc, 0xdf, 0xf6,
  0x3f, 0x03, 0x21, 0x12, 0x15, 0xdf, 0xca, 0xc1, 0x20, 0xbb, 0xa7, 0xe4,
  0xdb, 0x2c, 0x53, 0xdb, 0x0e, 0xd9, 0x4c, 0xe0, 0x4a, 0x37, 0x1a, 0xdc,
  0x07, 0x34, 0xf6, 0xb7, 0xae, 0x12, 0x1f, 0x42, 0x1f, 0xa3, 0xa3, 0x1b,
  0x2e, 0xd1, 0x0f, 0xd2, 0xbe, 0x32, 0xae, 0x06, 0xcf, 0xd0, 0xd1, 0x04,
  0xe2, 0xa2, 0x0d, 0x1a, 0xf0, 0xf1, 0x27, 0x2a, 0xd2, 0x24, 0xc4, 0x37,
  0xe0, 0x03, 0x96, 0xab, 0x22, 0x24, 0x3d, 0x0b, 0x09, 0x49, 0xe6, 0xac,
  0xf4, 0x91, 0xb1, 0x3b, 0x0b, 0x08, 0x29, 0xff, 0xe3, 0x15, 0x2b, 0x0a,
  0xe5, 0x23, 0x45, 0xfb, 0xf4, 0x0f, 0x08, 0xbd, 0xd3, 0x33, 0x4a, 0x0a,
  0x16, 0x04, 0xf0, 0x0b, 0x4e, 0x1a, 0xe9, 0xed, 0xab, 0x0f, 0xb8, 0x33,
  0xa2, 0xd4, 0x09, 0xdb, 0xf9, 0xc2, 0xe8, 0xf2, 0x30, 0x1a, 0x4c, 0x14,
  0x41, 0x60, 0x02, 0x21, 0xc7, 0xde, 0x19, 0x0e, 0x25, 0xf5, 0x17, 0x03,
  0x58, 0xec, 0x56, 0x39, 0xea, 0xff, 0x44, 0xff, 0xe6, 0x15, 0x34, 0xf7,
  0xed, 0xe7, 0xea, 0x37, 0x7b, 0xf7, 0x76, 0x0e, 0x62, 0x06, 0xe5, 0x19,
  0x23, 0x63, 0x16, 0xb8, 0x2a, 0xfa, 0xcb, 0x3c, 0xe8, 0x6d, 0xc4, 0x36,
  0x6c, 0xd3, 0x27, 0xd9, 0xe9, 0x34, 0xd1, 0x4c, 0xd6, 0xf6, 0x76, 0x33,
  0x1a, 0x1e, 0x51, 0x18, 0x44, 0x58, 0x30, 0xf3, 0xd7, 0xf8, 0x0a, 0x00,
  0x03, 0xec, 0x37, 0xf7, 0x40, 0x2c, 0x1d, 0x2e, 0x2a, 0x29, 0x3c, 0x2a,
  0xb9, 0x2c, 0x42, 0x36, 0xf8, 0x00, 0x2b, 0xf5, 0x3f, 0x49, 0x2e, 0x27,
  0xfc, 0x3c, 0x2a, 0x2d, 0x17, 0x5f, 0xf9, 0x11, 0xe6, 0x38, 0xcb, 0x3a,
  0x48, 0x22, 0xfd, 0x02, 0x02, 0x20, 0xda, 0x15, 0x0c, 0x02, 0x2c, 0x33,
  0x40, 0x13, 0x33, 0x31, 0x21, 0x57, 0x2b, 0x6c, 0x04, 0x73, 0x3e, 0x0b,
  0xdb, 0xf4, 0xf4, 0xc5, 0xe9, 0xf6, 0x27, 0x03, 0x0b, 0x08, 0x32, 0x1d,
  0x21, 0x20, 0x2f, 0x10, 0xb5, 0x54, 0x3e, 0xde, 0xaa, 0x13, 0x0b, 0x00,
  0x11, 0x2f, 0x3c, 0x1c, 0x57, 0xfd, 0xdc, 0xeb, 0xfb, 0x14, 0xcc, 0x0a,
  0x24, 0xe1, 0x25, 0x16, 0x09, 0x1c, 0x1e, 0x2a, 0x04, 0x1f, 0xee, 0x25,
  0x36, 0xee, 0x27, 0xac, 0xdd, 0xcb, 0x50, 0x4e, 0xe7, 0x51, 0x2e, 0x0d,
  0x4c, 0x5b, 0x06, 0x19, 0x1c, 0x1e, 0xc6, 0xe2, 0xfc, 0x0c, 0x25, 0x1c,
  0x39, 0x3a, 0xf5, 0x52, 0x27, 0x29, 0xf4, 0x35, 0xa4, 0x08, 0x1f, 0x1a,
  0xc8, 0x0e, 0x05, 0xf9, 0x3a, 0x54, 0x0a, 0xf0, 0x2f, 0x1c, 0x1f, 0x09,
  0xd2, 0x1e, 0x19, 0x12, 0xdf, 0x23, 0x0c, 0x2b, 0x01, 0xff, 0x10, 0x2c,
  0xfb, 0x27, 0xed, 0xf3, 0x20, 0x29, 0x3b, 0xc4, 0x00, 0xc2, 0x10, 0x22,
  0x34, 0x6f, 0x4e, 0x14, 0x18, 0x2b, 0xd0, 0x16, 0xb7, 0xe5, 0x0c, 0xbf,
  0x07, 0x58, 0xd4, 0x46, 0x4a, 0xd2, 0x08, 0x54, 0x15, 0xdd, 0x0a, 0x34,
  0xbb, 0x3d, 0x45, 0xdd, 0xdb, 0x3a, 0x53, 0x25, 0x15, 0x12, 0x23, 0x32,
  0x20, 0xfc, 0xf1, 0xfd, 0x28, 0xed, 0x0d, 0x03, 0xf2, 0xcb, 0xf0, 0x22,
  0x29, 0x36, 0xdb, 0x1c, 0x1e, 0xe1, 0x16, 0x21, 0xd3, 0x22, 0x55, 0xc7,
  0xc5, 0x01, 0x06, 0x01, 0xe4, 0x18, 0x00, 0x3e, 0x17, 0x4b, 0xfc, 0x17,
  0x06, 0x0c, 0xe8, 0xfd, 0x29, 0xee, 0xd6, 0x1d, 0x32, 0x01, 0xf0, 0x10,
  0x07, 0xe5, 0xb1, 0xe3, 0xa7, 0xe4, 0x14, 0xe3, 0x17, 0xf3, 0xfc, 0x19,
  0xfb, 0x4c, 0x1d, 0xd8, 0x33, 0x57, 0xe9, 0x0a, 0xe4, 0xeb, 0x26, 0xf4,
  0x36, 0x3e, 0xf0, 0x0a, 0x25, 0x34, 0xe3, 0x26, 0xfa, 0xaf, 0xf1, 0xb2,
  0xf9, 0x43, 0xfd, 0x9b, 0x2d, 0xb6, 0x40, 0xeb, 0xc8, 0x5b, 0xfd, 0x4b,
  0x27, 0x38, 0xf9, 0x2a, 0xd8, 0x40, 0xbf, 0xe8, 0xe6, 0xeb, 0xb2, 0x02,
  0x27, 0x81, 0x1f, 0x29, 0x32, 0x2e, 0xaf, 0xea, 0xe6, 0xb3, 0x37, 0xcb,
  0x00, 0xeb, 0xdc, 0x37, 0x20, 0x1f, 0x1d, 0xe4, 0xf6, 0xfc, 0x0a, 0x49,
  0x31, 0xea, 0x07, 0xcd, 0x20, 0xf6, 0xd7, 0x42, 0x39, 0x23, 0xe8, 0x65,
  0x1e, 0xe8, 0xe1, 0xd8, 0x23, 0x31, 0x4d, 0xfe, 0x29, 0xa9, 0x30, 0x0a,
  0x0f, 0xac, 0x4a, 0xfd, 0xe7, 0x15, 0xe7, 0xf2, 0xa7, 0x15, 0x03, 0xf8,
  0xac, 0xc1, 0x14, 0x36, 0x28, 0xf3, 0x67, 0x32, 0x0b, 0x3d, 0xec, 0xdd,
  0x24, 0x23, 0xbf, 0xfc, 0x5d, 0xc1, 0x31, 0xd2, 0xd1, 0xbd, 0xe7, 0xa7,
  0x4e, 0xec, 0xe1, 0x37, 0x01, 0x27, 0xe4, 0xd9, 0x99, 0x14, 0x58, 0x14,
  0x20, 0xe2, 0x9b, 0x3c, 0xe2, 0x0e, 0x1c, 0xc9, 0x25, 0x39, 0x30, 0xcd,
  0xea, 0xf5, 0x36, 0xeb, 0xc7, 0xf8, 0xde, 0x0d, 0xfd, 0x20, 0xfb, 0xa6,
  0xee, 0x11, 0xd1, 0x38, 0xeb, 0xc2, 0xd7, 0xeb, 0x1b, 0xf0, 0x68, 0x33,
  0x02, 0x30, 0xf5, 0x84, 0xe7, 0x0f, 0xce, 0xc9, 0x56, 0xc7, 0xf0, 0x16,
  0xd4, 0xe4, 0x46, 0xd5, 0x28, 0xfb, 0xcb, 0x3e, 0xb1, 0xe4, 0xe3, 0x48,
  0xe3, 0xd9, 0x47, 0xcb, 0x1a, 0x14, 0xa9, 0xd0, 0x25, 0x23, 0x54, 0x19,
  0x0d, 0x33, 0xe6, 0xff, 0xed, 0x1a, 0xff, 0xc2, 0xeb, 0xc8, 0x02, 0x44,
  0x0a, 0x3b, 0xfd, 0x10, 0xd8, 0x32, 0xc5, 0x24, 0xfc, 0xc7, 0xe5, 0x04,
  0x47, 0xd0, 0x3d, 0xf6, 0xa4, 0x0e, 0xec, 0xf3, 0xf2, 0x1e, 0x0a, 0xdb,
  0x52, 0x0a, 0xaa, 0xab, 0xf4, 0xfa, 0xe3, 0xb7, 0x37, 0x16, 0x14, 0x1a,
  0x0d, 0x0d, 0xca, 0x50, 0xf2, 0xc0, 0x53, 0x25, 0x23, 0x21, 0xd8, 0x0b,
  0x2b, 0x1c, 0x48, 0xda, 0xe1, 0xfc, 0x25, 0x07, 0xbf, 0x25, 0x35, 0x00,
  0xfd, 0xd0, 0x41, 0x2e, 0xc5, 0x2f, 0x43, 0x0d, 0xdc, 0x0e, 0x13, 0x10,
  0xfa, 0xb4, 0xb2, 0xe9, 0xfc, 0xff, 0x73, 0x11, 0xca, 0x44, 0xe7, 0xa3,
  0xf3, 0xc9, 0xdc, 0xde, 0xe7, 0x26, 0xfe, 0xf2, 0x16, 0xd8, 0xd4, 0xe9,
  0x0a, 0x2f, 0xb5, 0xdf, 0xc7, 0x14, 0x1e, 0x4e, 0x8e, 0xec, 0xfb, 0xf0,
  0xfa, 0xda, 0x00, 0x0e, 0x31, 0x09, 0xf1, 0xf0, 0x3b, 0x07, 0xd0, 0x06,
  0xd0, 0x23, 0x24, 0xb4, 0xd2, 0xc1, 0x1f, 0xdc, 0x1e, 0x21, 0x02, 0x14,
  0x1f, 0xdd, 0xbc, 0x1f, 0xcb, 0xad, 0xd4, 0xef, 0xf6, 0xde, 0x52, 0x1d,
  0x99, 0x05, 0x21, 0xc8, 0x07, 0xde, 0x18, 0xae, 0xf2, 0xad, 0xc4, 0xcb,
  0x0e, 0xe3, 0x24, 0xfe, 0x0c, 0x06, 0xd4, 0xd2, 0xc3, 0xf1, 0x12, 0xe6,
  0xee, 0xd1, 0xce, 0xed, 0xd4, 0x16, 0xd1, 0x0b, 0xe3, 0xf7, 0x44, 0xbd,
  0x02, 0xde, 0xb1, 0xe3, 0x08, 0xf5, 0xcb, 0x09, 0xe2, 0xda, 0x0b, 0xef,
  0x26, 0xde, 0xfe, 0xde, 0xda, 0xfb, 0x03, 0xd1, 0x0f, 0xc2, 0xcc, 0x0e,
  0x02, 0xd3, 0x76, 0x3e, 0xc3, 0xf1, 0xed, 0xb5, 0x1e, 0xe3, 0x0b, 0xb7,
  0xf1, 0x00, 0x29, 0xc4, 0x1b, 0xf2, 0xfe, 0xf6, 0xfb, 0xf4, 0xb0, 0x1d,
  0xc8, 0x3b, 0xf3, 0x05, 0xd3, 0xda, 0xbf, 0x13, 0x2a, 0x04, 0xec, 0x03,
  0xb4, 0xe1, 0x5f, 0xa1, 0xec, 0x0a, 0xdb, 0x12, 0x20, 0x2f, 0xf7, 0x10,
  0x11, 0x12, 0xcf, 0x19, 0xf9, 0xc4, 0x23, 0xf9, 0xf2, 0x29, 0xe1, 0xcc,
  0xbe, 0xb8, 0xf5, 0xda, 0x14, 0xb9, 0x38, 0x42, 0x8f, 0x42, 0xda, 0xea,
  0x41, 0xa4, 0xfc, 0xa9, 0x4a, 0xf1, 0x32, 0xe2, 0xea, 0xe6, 0xeb, 0xc5,
  0xf0, 0xb8, 0x03, 0xe3, 0xab, 0xe0, 0xee, 0xc7, 0xb7, 0xc7, 0xa7, 0xf0,
  0x1f, 0xdd, 0x14, 0xff, 0xaf, 0xc1, 0x33, 0x81, 0xf6, 0xd3, 0xdb, 0x00,
  0x0e, 0x0b, 0xd0, 0x2b, 0x9a, 0xf6, 0xff, 0xff, 0x04, 0x00, 0x00, 0x00,
  0x20, 0x00, 0x00, 0x00, 0xf3, 0xa8, 0x00, 0x00, 0xac, 0x38, 0x00, 0x00,
  0x38, 0x42, 0x00, 0x00, 0x8f, 0x7d, 0x00, 0x00, 0x5c, 0x41, 0x00, 0x00,
  0x43, 0xf3, 0xff, 0xff, 0x60, 0x1b, 0xff, 0xff, 0x51, 0x6b, 0x00, 0x00,
  0xc6, 0xf6, 0xff, 0xff, 0x04, 0x00, 0x00, 0x00, 0x40, 0x02, 0x00, 0x00,
  0xd8, 0x81, 0xff, 0xc2, 0xff, 0xde, 0x03, 0x50, 0xf8, 0x98, 0xfd, 0x38,
  0xe6, 0x02, 0x05, 0x1f, 0x23, 0xa3, 0x23, 0x23, 0xbc, 0xd9, 0xda, 0xdd,
  0x17, 0x76, 0xd4, 0xaf, 0x0a, 0xb8, 0xf2, 0xaf, 0xa3, 0x69, 0xd4, 0x10,
  0x6f, 0xd6, 0xe2, 0xae, 0xd4, 0x3a, 0x03, 0xcd, 0x5c, 0xcb, 0x81, 0x2c,
  0x23, 0xc6, 0xdc, 0x8d, 0x31, 0x43, 0x85, 0x3f, 0x4a, 0xdd, 0x81, 0x8f,
  0xf3, 0x46, 0xa8, 0xdc, 0xe7, 0xe9, 0x18, 0x84, 0x1c, 0xc0, 0xfa, 0x45,
  0x1d, 0x5c, 0xad, 0x5b, 0x15, 0x7f, 0x26, 0x0c, 0x13, 0xd1, 0xcd, 0x67,
  0x54, 0x28, 0x41, 0xed, 0x0d, 0xd7, 0x14, 0x0d, 0x52, 0x57, 0x47, 0xd6,
  0xc4, 0xec, 0x4b, 0x81, 0xd3, 0x30, 0x14, 0xfa, 0x3a, 0x91, 0xb9, 0x06,
  0xdb, 0xc6, 0xbc, 0x4a, 0xd1, 0x88, 0x0d, 0xb7, 0x00, 0xe0, 0x4b, 0xe8,
  0xbd, 0x0f, 0x04, 0xb2, 0xa9, 0x81, 0x1e, 0x0d, 0xeb, 0xb0, 0x06, 0x92,
  0x2e, 0x2a, 0xda, 0x6a, 0xbc, 0x8b, 0x03, 0xfc, 0x93, 0xcc, 0x20, 0x27,
  0x26, 0xf3, 0x19, 0x18, 0x2a, 0x0b, 0x19, 0x7f, 0xbe, 0x09, 0xcc, 0x05,
  0x4c, 0x2e, 0x20, 0x54, 0xa5, 0x09, 0x5e, 0xf2, 0xed, 0xa0, 0x3c, 0x4a,
  0xe7, 0x06, 0x84, 0x33, 0x1a, 0xda, 0xaa, 0xfc, 0x1b, 0xd4, 0x81, 0xce,
  0x0a, 0xb6, 0x05, 0x28, 0xe9, 0x1d, 0x87, 0x2c, 0xec, 0xc6, 0xb7, 0xe7,
  0x68, 0x67, 0xda, 0x3d, 0xf5, 0x7f, 0x21, 0xd3, 0x05, 0xdd, 0xf6, 0x3f,
  0xa5, 0x37, 0x12, 0xe9, 0x94, 0x1b, 0x05, 0x03, 0xa4, 0xd4, 0xff, 0x00,
  0xc8, 0xda, 0xf4, 0x40, 0xe8, 0xb4, 0x0d, 0xcd, 0xc7, 0x81, 0xe8, 0xdf,
  0x8a, 0xcf, 0x23, 0x8b, 0xc7, 0x85, 0xb9, 0xa1, 0x50, 0xd6, 0xc8, 0x2d,
  0x0c, 0x16, 0xfa, 0x3f, 0xd5, 0xe4, 0x1e, 0x81, 0xe4, 0x46, 0xc3, 0xcb,
  0xdf, 0xd3, 0xec, 0x92, 0xcd, 0xeb, 0xe0, 0xfd, 0xa3, 0x0c, 0x09, 0xc3,
  0xf0, 0xfa, 0xb2, 0x1f, 0x32, 0x1e, 0xb8, 0x42, 0x31, 0x04, 0xef, 0x3c,
  0x10, 0xe7, 0xab, 0x09, 0x7d, 0x81, 0x11, 0x39, 0x1d, 0xbf, 0x1c, 0xc1,
  0xcd, 0xcd, 0xe7, 0x68, 0x52, 0x50, 0x2d, 0x4d, 0x13, 0x46, 0x6a, 0x1a,
  0xe7, 0x0a, 0x12, 0x7f, 0x08, 0x5e, 0xfa, 0x60, 0xa1, 0x4a, 0x5e, 0x4a,
  0xf2, 0x81, 0xe0, 0xcf, 0xe2, 0xfc, 0xf5, 0xfb, 0xd4, 0xb7, 0xe7, 0x10,
  0x31, 0xf2, 0xee, 0x18, 0x30, 0x9a, 0xf5, 0x2d, 0x07, 0x0b, 0xfa, 0xd0,
  0xde, 0xea, 0xb1, 0x79, 0xe9, 0xd9, 0x07, 0x4a, 0x63, 0x27, 0xdf, 0x7f,
  0x6c, 0xff, 0x1c, 0xdd, 0x22, 0x0c, 0xd8, 0xe1, 0xfd, 0xe4, 0x33, 0x36,
  0xf5, 0xf9, 0x92, 0x81, 0x09, 0xc8, 0x99, 0x23, 0xad, 0xfa, 0x1d, 0xa4,
  0xf9, 0xd2, 0xed, 0xc8, 0xe8, 0x14, 0xaa, 0xb9, 0x31, 0xa1, 0xa2, 0x3c,
  0x42, 0x0d, 0x2f, 0x11, 0x8c, 0x72, 0x15, 0x24, 0xf4, 0x54, 0x1c, 0xdf,
  0xf6, 0x54, 0xf1, 0xde, 0xe5, 0x5c, 0x0d, 0xad, 0x81, 0x6e, 0x26, 0xfd,
  0x17, 0xe9, 0x81, 0xdf, 0xe9, 0x03, 0xb8, 0x28, 0xfc, 0x4c, 0xf9, 0x0b,
  0xfe, 0xa9, 0xc7, 0xbd, 0xe5, 0x99, 0x9a, 0x8c, 0xe9, 0x23, 0x9d, 0x5a,
  0x0b, 0x04, 0x01, 0x46, 0xdb, 0x56, 0x4a, 0xd0, 0x59, 0x0a, 0xbb, 0xd5,
  0xb5, 0x7f, 0x09, 0x01, 0xf3, 0x2f, 0x18, 0x29, 0xb9, 0x0a, 0x01, 0x10,
  0x7f, 0xfe, 0xea, 0x39, 0xfe, 0x59, 0x14, 0x0c, 0x34, 0x05, 0xdb, 0xf0,
  0xfe, 0x3e, 0xe6, 0x17, 0x78, 0x1e, 0x13, 0xa7, 0x0e, 0x34, 0xe8, 0xd8,
  0x24, 0x22, 0xae, 0x2d, 0xde, 0x56, 0x30, 0xbd, 0x1b, 0x03, 0xc5, 0x09,
  0xc2, 0x4d, 0x5b, 0xa0, 0xff, 0x81, 0x1a, 0x21, 0xc9, 0x29, 0xd2, 0xac,
  0xe7, 0xa1, 0xf4, 0xf8, 0xcf, 0x05, 0xc3, 0xfe, 0xef, 0x9a, 0x98, 0x45,
  0xda, 0xf4, 0x16, 0xed, 0x2a, 0x81, 0xf9, 0x33, 0x05, 0x89, 0xcf, 0xe4,
  0x81, 0x46, 0x38, 0xa9, 0x07, 0x1d, 0x17, 0xef, 0xd8, 0x72, 0x1f, 0xb3,
  0x7b, 0xd8, 0xc6, 0xd7, 0xbd, 0x48, 0xce, 0xc7, 0xef, 0x93, 0x36, 0xfb,
  0xca, 0xe3, 0x04, 0x55, 0x36, 0xd7, 0x96, 0x75, 0x76, 0xe9, 0xf0, 0xb6,
  0xd2, 0xa3, 0xd2, 0xdd, 0xd4, 0x64, 0x3e, 0x28, 0x3c, 0x81, 0xdb, 0x33,
  0x12, 0xf9, 0xff, 0xff, 0x04, 0x00, 0x00, 0x00, 0x60, 0x00, 0x00, 0x00,
  0xe3, 0x2a, 0x00, 0x00, 0xfa, 0x07, 0x00, 0x00, 0x6a, 0x28, 0x00, 0x00,
  0x97, 0xc8, 0xff, 0xff, 0xf3, 0x2b, 0x00, 0x00, 0xc3, 0x2c, 0x00, 0x00,
  0xea, 0xd9, 0xff, 0xff, 0xab, 0x31, 0x00, 0x00, 0xda, 0xf9, 0xff, 0xff,
  0x3e, 0x4a, 0x00, 0x00, 0x72, 0x2d, 0x00, 0x00, 0x7a, 0xf4, 0xff, 0xff,
  0xa9, 0xb7, 0xff, 0xff, 0xd0, 0x21, 0x00, 0x00, 0xeb, 0xda, 0xff, 0xff,
  0xbc, 0x3f, 0x00, 0x00, 0x1f, 0xed, 0xff, 0xff, 0xec, 0x2c, 0x00, 0x00,
  0x12, 0xe3, 0xff, 0xff, 0xd3, 0xde, 0xff, 0xff, 0x19, 0x17, 0x00, 0x00,
  0x22, 0x3c, 0x00, 0x00, 0x57, 0x09, 0x00, 0x00, 0xb5, 0x00, 0x00, 0x00,
  0x7e, 0xf9, 0xff, 0xff, 0x04, 0x00, 0x00, 0x00, 0x78, 0x00, 0x00, 0x00,
  0x33, 0xa0, 0x9b, 0xa6, 0xa6, 0x93, 0x7f, 0xde, 0x2b, 0x6d, 0x6c, 0x81,
  0x9c, 0x81, 0xb3, 0xa2, 0x56, 0x2b, 0x7f, 0x87, 0x7f, 0xa1, 0x73, 0x4c,
  0x65, 0xa8, 0xa3, 0xc9, 0xa0, 0xdc, 0x2f, 0x9b, 0x7f, 0x5d, 0x68, 0xbd,
  0xab, 0xe5, 0xf7, 0xcf, 0xe3, 0x5a, 0x35, 0xe7, 0x14, 0x86, 0x68, 0x7c,
  0x6c, 0xa7, 0x81, 0x81, 0x81, 0xab, 0x4d, 0x81, 0x3f, 0x1f, 0x7d, 0x48,
  0xec, 0xc8, 0x8a, 0xcb, 0x7f, 0x7f, 0x61, 0x96, 0x0d, 0xc0, 0x25, 0x7f,
  0x20, 0xdd, 0xca, 0xea, 0xe3, 0x9a, 0x56, 0x9a, 0x0b, 0x7f, 0x7f, 0x8e,
  0x81, 0xcd, 0x29, 0xf8, 0xf8, 0x32, 0x54, 0xcf, 0x6b, 0x29, 0x5b, 0x63,
  0x7f, 0x81, 0xb0, 0x83, 0xb4, 0x81, 0x73, 0xe9, 0x5f, 0x4f, 0x63, 0x2f,
  0xb3, 0xf1, 0x81, 0x81, 0x7e, 0xf9, 0x67, 0x81, 0xee, 0x7f, 0x7f, 0x45,
  0x02, 0xfa, 0xff, 0xff, 0x04, 0x00, 0x00, 0x00, 0x60, 0x00, 0x00, 0x00,
  0x00, 0x00, 0x00, 0x00, 0x00, 0x00, 0x00, 0x00, 0x00, 0x00, 0x00, 0x00,
  0x00, 0x00, 0x00, 0x00, 0x00, 0x00, 0x00, 0x00, 0x00, 0x00, 0x00, 0x00,
  0x00, 0x00, 0x00, 0x00, 0x00, 0x00, 0x00, 0x00, 0x00, 0x00, 0x00, 0x00,
  0x00, 0x00, 0x00, 0x00, 0x00, 0x00, 0x00, 0x00, 0x00, 0x00, 0x00, 0x00,
  0x00, 0x00, 0x00, 0x00, 0x00, 0x00, 0x00, 0x00, 0x00, 0x00, 0x00, 0x00,
  0x00, 0x00, 0x00, 0x00, 0x00, 0x00, 0x00, 0x00, 0x00, 0x00, 0x00, 0x00,
  0x00, 0x00, 0x00, 0x00, 0x00, 0x00, 0x00, 0x00, 0x00, 0x00, 0x00, 0x00,
  0x00, 0x00, 0x00, 0x00, 0x00, 0x00, 0x00, 0x00, 0x00, 0x00, 0x00, 0x00,
  0x6e, 0xfa, 0xff, 0xff, 0x04, 0x00, 0x00, 0x00, 0x40, 0x02, 0x00, 0x00,
  0xec, 0x24, 0x09, 0x08, 0x2c, 0xbd, 0xd2, 0x41, 0x16, 0x51, 0xf5, 0x0c,
  0xba, 0xe0, 0xeb, 0xd4, 0x0f, 0xfd, 0x7f, 0xa3, 0x0c, 0xe0, 0xdf, 0x22,
  0xf8, 0x06, 0x42, 0x1a, 0x47, 0x2f, 0x9f, 0xfc, 0x40, 0x3c, 0xf1, 0x37,
  0xfa, 0x16, 0x49, 0xba, 0x17, 0x0b, 0x7f, 0x35, 0x06, 0x59, 0xc2, 0x3e,
  0x4d, 0x1a, 0xf4, 0xaf, 0x06, 0xc1, 0xb0, 0xbd, 0xdf, 0xd6, 0x51, 0x23,
  0x2d, 0xd8, 0x0a, 0x28, 0xb7, 0x06, 0xd9, 0xba, 0x56, 0x81, 0xcb, 0x28,
  0xbc, 0xa4, 0xf3, 0x42, 0x2b, 0xe8, 0xa1, 0x2b, 0x34, 0xfe, 0x1c, 0xd4,
  0x02, 0xe3, 0xe5, 0x31, 0xe3, 0xee, 0xd6, 0xf1, 0xda, 0xf9, 0x7f, 0xa1,
  0x3c, 0xf9, 0x05, 0x83, 0x81, 0x89, 0x54, 0x15, 0x92, 0x69, 0x12, 0x28,
  0xd7, 0x38, 0xdb, 0x30, 0xad, 0x34, 0x04, 0x6d, 0x06, 0xb4, 0xfe, 0x06,
  0xbc, 0xa0, 0x00, 0x21, 0x24, 0x2a, 0xe2, 0x13, 0x2f, 0xe3, 0x2a, 0x22,
  0x56, 0x7a, 0x56, 0xd3, 0x7f, 0xf3, 0x4f, 0x2a, 0x7d, 0x4a, 0xaf, 0x40,
  0x0c, 0x1c, 0x52, 0xd5, 0x1d, 0x91, 0x2d, 0x43, 0xfd, 0x3a, 0xd4, 0x37,
  0x0b, 0xd7, 0x30, 0xc2, 0x0f, 0xf7, 0x31, 0x0a, 0x27, 0xf7, 0xb7, 0x7f,
  0xa5, 0x09, 0xe7, 0x12, 0x2e, 0xc7, 0xaf, 0x26, 0xe6, 0xcd, 0x7f, 0x19,
  0x42, 0x09, 0x22, 0xa9, 0x47, 0xd3, 0x29, 0x28, 0xbf, 0x14, 0xdd, 0xbe,
  0x9f, 0xde, 0xa5, 0x35, 0x38, 0x0e, 0x2b, 0x81, 0xe9, 0x3b, 0xd2, 0x0c,
  0xf1, 0x3f, 0xf5, 0x0f, 0x1a, 0xce, 0x04, 0x28, 0x32, 0xfb, 0x01, 0xea,
  0xdd, 0x0a, 0x48, 0x0d, 0x68, 0x3c, 0x32, 0x81, 0xf6, 0xf4, 0xed, 0x1c,
  0x13, 0x79, 0x26, 0xe8, 0xdb, 0x3f, 0x08, 0x09, 0x27, 0xed, 0x1b, 0xfc,
  0xb4, 0x0d, 0x81, 0x1a, 0x06, 0x35, 0x12, 0xce, 0xdd, 0x62, 0xf1, 0x4f,
  0xf1, 0xfe, 0xf0, 0xa2, 0x32, 0xed, 0x1e, 0xfa, 0x38, 0x22, 0xa2, 0x04,
  0xff, 0x45, 0xbc, 0x4c, 0x5a, 0xfe, 0x3a, 0xd2, 0xd6, 0xd3, 0x21, 0xf1,
  0xdc, 0xbd, 0xf8, 0x81, 0xb8, 0xfa, 0x7d, 0x71, 0xe9, 0xdd, 0x10, 0x67,
  0x2c, 0x43, 0x38, 0x1a, 0x00, 0xe2, 0xfb, 0xe0, 0x2a, 0xe7, 0x7f, 0x20,
  0xe3, 0x17, 0xaa, 0xa9, 0x1e, 0x18, 0xf2, 0x3e, 0x24, 0xc2, 0xc6, 0xdf,
  0x2b, 0x7f, 0x45, 0xb7, 0xff, 0xc8, 0x6a, 0x6c, 0xd3, 0x5b, 0xb3, 0xb4,
  0xb1, 0xd9, 0xdd, 0xb0, 0x1a, 0xac, 0xef, 0x4f, 0x09, 0x06, 0x38, 0x24,
  0xf4, 0x3a, 0x06, 0x0d, 0x38, 0x06, 0x01, 0x31, 0xad, 0x66, 0xda, 0xf3,
  0x0c, 0x9c, 0xc0, 0x6a, 0x10, 0x81, 0xb5, 0x5b, 0xfb, 0x2e, 0x01, 0xfd,
  0x1c, 0x56, 0xf1, 0xaf, 0x1c, 0xad, 0x55, 0x55, 0xd3, 0x64, 0xdd, 0xff,
  0x91, 0xdc, 0x00, 0x4e, 0xa6, 0xba, 0xfd, 0xd9, 0xef, 0xe6, 0x04, 0x7f,
  0xcd, 0xaf, 0xfc, 0x53, 0x2e, 0xdc, 0x9d, 0x52, 0xc6, 0x2b, 0x7f, 0x1d,
  0x38, 0x71, 0xae, 0x93, 0x01, 0x3e, 0x3b, 0x5a, 0xc4, 0x1e, 0x60, 0xaf,
  0xc2, 0x14, 0xcc, 0x1d, 0xec, 0xf8, 0x07, 0x90, 0xd4, 0x35, 0xd1, 0x11,
  0x0a, 0x4c, 0xb5, 0x81, 0x14, 0x65, 0x25, 0xf0, 0x40, 0x29, 0x04, 0xde,
  0x0c, 0x17, 0x17, 0x0d, 0x03, 0xd3, 0xd3, 0xb7, 0x31, 0xfe, 0x03, 0x15,
  0xdc, 0x30, 0x81, 0x22, 0xd1, 0x03, 0xfb, 0x1c, 0x0b, 0xbb, 0x25, 0xee,
  0x17, 0xf2, 0x0b, 0xf6, 0x08, 0xf0, 0xab, 0x05, 0x3f, 0x5e, 0xc4, 0x0f,
  0x15, 0x30, 0xf4, 0x0f, 0x26, 0xd4, 0x6d, 0xdd, 0x1e, 0xed, 0x0c, 0x7f,
  0x49, 0x6d, 0xe3, 0xfc, 0x24, 0x9d, 0xcd, 0xe1, 0x15, 0x5f, 0x7f, 0xe9,
  0x05, 0xef, 0x37, 0xf3, 0x90, 0x2c, 0x33, 0x01, 0xd4, 0xb0, 0xa0, 0xcb,
  0xed, 0xde, 0x81, 0xd1, 0xd5, 0xde, 0xed, 0xb2, 0xc3, 0xc2, 0x06, 0xf0,
  0xf8, 0xe1, 0x3f, 0xa4, 0xfb, 0x5e, 0x26, 0x16, 0x00, 0xf9, 0x86, 0xfb,
  0xcf, 0x8c, 0xfb, 0x28, 0xd0, 0x20, 0x19, 0x1d, 0xcd, 0x88, 0x2e, 0x9b,
  0x56, 0xd8, 0xd2, 0xf1, 0xed, 0x81, 0xde, 0x79, 0xac, 0x7a, 0xfd, 0xe2,
  0x9b, 0xc7, 0x55, 0x4c, 0x7f, 0x26, 0xcb, 0xba, 0xe9, 0xa5, 0x6e, 0xef,
  0x65, 0x4f, 0xcc, 0xd7, 0xec, 0xeb, 0xc9, 0x37, 0x10, 0x49, 0xb9, 0x63,
  0xba, 0xfc, 0xff, 0xff, 0x04, 0x00, 0x00, 0x00, 0x60, 0x00, 0x00, 0x00,
  0xb1, 0xf9, 0xff, 0xff, 0xe7, 0x1b, 0x00, 0x00, 0x1f, 0xe7, 0xff, 0xff,
  0x66, 0x21, 0x00, 0x00, 0xb7, 0xe6, 0xff, 0xff, 0xc4, 0x1e, 0x00, 0x00,
  0x3c, 0x01, 0x00, 0x00, 0xc5, 0x22, 0x00, 0x00, 0x6c, 0x04, 0x00, 0x00,
  0xba, 0x0e, 0x00, 0x00, 0x80, 0xf4, 0xff, 0xff, 0x64, 0xee, 0xff, 0xff,
  0x39, 0xf2, 0xff, 0xff, 0x4d, 0x0b, 0x00, 0x00, 0xb8, 0x35, 0x00, 0x00,
  0xd3, 0xfb, 0xff, 0xff, 0xb4, 0x1d, 0x00, 0x00, 0x6a, 0xea, 0xff, 0xff,
  0xcb, 0xfc, 0xff, 0xff, 0xca, 0xf8, 0xff, 0xff, 0x3b, 0xf2, 0xff, 0xff,
  0x60, 0xe9, 0xff, 0xff, 0x7e, 0x34, 0x00, 0x00, 0x49, 0x3b, 0x00, 0x00,
  0x26, 0xfd, 0xff, 0xff, 0x04, 0x00, 0x00, 0x00, 0x80, 0x01, 0x00, 0x00,
  0x1f, 0x34, 0x53, 0xcf, 0xaf, 0x3b, 0x33, 0x18, 0xbb, 0x14, 0x08, 0x01,
  0x5b, 0xf7, 0x24, 0xfa, 0xa6, 0xde, 0x60, 0x7f, 0x29, 0xc7, 0x9e, 0x4c,
  0x91, 0xbf, 0x4e, 0x67, 0x7f, 0xe9, 0xc7, 0x6e, 0xbb, 0xa0, 0x08, 0x2a,
  0x6a, 0x5d, 0x4d, 0xfa, 0x74, 0xf9, 0xcf, 0xd4, 0x4c, 0x54, 0x5b, 0x19,
  0x0f, 0x5f, 0x0c, 0xde, 0x16, 0x82, 0xa6, 0xe1, 0xf9, 0x47, 0xdf, 0xae,
  0x7d, 0xd0, 0x28, 0xf9, 0xa3, 0xf4, 0x7f, 0x4c, 0x45, 0xbf, 0x13, 0x2f,
  0x42, 0x32, 0x46, 0x67, 0x97, 0x61, 0xce, 0x65, 0xd9, 0x22, 0xce, 0xb3,
  0x1c, 0xd4, 0x18, 0x81, 0x7c, 0x9a, 0x10, 0x46, 0xe6, 0xaa, 0x6b, 0x58,
  0xf6, 0x44, 0xd1, 0x19, 0x3e, 0x7a, 0x44, 0x63, 0x06, 0xd5, 0xa8, 0xe2,
  0xdb, 0x4b, 0x22, 0x7e, 0x60, 0xf0, 0xd3, 0x7f, 0xcd, 0xa4, 0x67, 0xff,
  0xd9, 0x41, 0x57, 0x15, 0x39, 0x0f, 0x81, 0x39, 0x61, 0x72, 0x65, 0x74,
  0x41, 0x89, 0xf1, 0xda, 0x28, 0x65, 0x6a, 0xf1, 0x5e, 0x33, 0x3b, 0x39,
  0xc5, 0x81, 0x0c, 0x4b, 0x6d, 0x08, 0xf9, 0xe4, 0x33, 0x40, 0x58, 0x6e,
  0xca, 0x51, 0x67, 0x1e, 0x26, 0x6f, 0xf7, 0xa7, 0x16, 0x63, 0x76, 0x08,
  0x93, 0x99, 0x93, 0xd5, 0x95, 0x98, 0x81, 0xc8, 0x28, 0xc5, 0xd5, 0x2a,
  0xd6, 0x3b, 0x15, 0xbd, 0xce, 0x0e, 0xa6, 0x70, 0xf5, 0x93, 0x95, 0x1c,
  0x58, 0x70, 0xd8, 0xf5, 0x6f, 0x6d, 0x4b, 0xe9, 0xe1, 0xf8, 0xd7, 0xdb,
  0xbd, 0x5d, 0x73, 0x7f, 0x2f, 0xae, 0xc9, 0x4d, 0xca, 0xc2, 0x48, 0xac,
  0x4e, 0x46, 0x41, 0xb7, 0x21, 0x3c, 0x26, 0x21, 0x67, 0x57, 0x76, 0x59,
  0x27, 0xd7, 0xbe, 0x13, 0x0a, 0x6d, 0x1c, 0x7f, 0x5c, 0x7b, 0x94, 0xe3,
  0x5f, 0x7f, 0xab, 0x49, 0xbd, 0x6a, 0x41, 0x62, 0xb9, 0xf6, 0xe6, 0xc1,
  0xc1, 0x35, 0x19, 0x13, 0x63, 0xdf, 0xaf, 0x29, 0xda, 0xba, 0x51, 0x2b,
  0x81, 0x2e, 0xf2, 0x1e, 0xfe, 0x2c, 0x13, 0xe4, 0xbe, 0xe1, 0x91, 0x07,
  0xa8, 0xd6, 0x97, 0x49, 0xeb, 0xc3, 0x6d, 0xfe, 0xbf, 0xe5, 0xce, 0x0a,
  0x3e, 0x25, 0x49, 0xb3, 0x4e, 0xa9, 0x32, 0xa5, 0xb0, 0x58, 0xc0, 0xf4,
  0x3e, 0x63, 0x7f, 0x67, 0xbe, 0xa8, 0x21, 0xf4, 0x12, 0xc6, 0x1b, 0x4b,
  0xac, 0x3c, 0x81, 0x8d, 0x36, 0xfa, 0xcd, 0x23, 0x8c, 0x37, 0xcb, 0xed,
  0xc2, 0xc3, 0x86, 0x58, 0x4b, 0x74, 0x69, 0xe0, 0xe3, 0x87, 0x1f, 0xcf,
  0x9b, 0x1c, 0xa8, 0x4d, 0xc0, 0x4d, 0xa6, 0x0d, 0x61, 0x76, 0x03, 0x4a,
  0x9b, 0xc4, 0x42, 0x81, 0x6c, 0x37, 0xd4, 0xf3, 0xb0, 0x42, 0x49, 0x76,
  0xf7, 0x34, 0x26, 0x31, 0x4d, 0x1d, 0xda, 0x58, 0x05, 0xe8, 0xe2, 0x10,
  0x7f, 0xeb, 0xa1, 0xcf, 0x51, 0xd7, 0x6f, 0x42, 0x68, 0x37, 0x00, 0x02,
  0xb2, 0xfe, 0xff, 0xff, 0x04, 0x00, 0x00, 0x00, 0x40, 0x00, 0x00, 0x00,
  0x4e, 0x06, 0x00, 0x00, 0xf2, 0x05, 0x00, 0x00, 0xa3, 0x07, 0x00, 0x00,
  0x07, 0x06, 0x00, 0x00, 0x31, 0x06, 0x00, 0x00, 0xb7, 0x06, 0x00, 0x00,
  0x0b, 0x09, 0x00, 0x00, 0xf3, 0xfc, 0xff, 0xff, 0xff, 0x08, 0x00, 0x00,
  0xd7, 0x08, 0x00, 0x00, 0x6c, 0x06, 0x00, 0x00, 0x63, 0xfe, 0xff, 0xff,
  0x64, 0x08, 0x00, 0x00, 0xa2, 0xfd, 0xff, 0xff, 0x14, 0x06, 0x00, 0x00,
  0xf2, 0xff, 0xff, 0xff, 0xfe, 0xfe, 0xff, 0xff, 0x04, 0x00, 0x00, 0x00,
  0x60, 0x00, 0x00, 0x00, 0x99, 0x34, 0xd6, 0x7f, 0x3e, 0xdd, 0xda, 0x2d,
  0xcb, 0x8a, 0x5e, 0xbf, 0x94, 0xcf, 0x5e, 0xfc, 0x94, 0x4d, 0x1d, 0xac,
  0x41, 0xa0, 0x55, 0x04, 0x26, 0x81, 0x0a, 0xf8, 0x4b, 0x20, 0xe9, 0xa4,
  0x1c, 0xa8, 0x81, 0x10, 0x46, 0x9d, 0x99, 0x0c, 0x34, 0x2b, 0x62, 0xd7,
  0xf0, 0x25, 0xc9, 0xcc, 0xeb, 0x7b, 0xcb, 0xda, 0x99, 0x34, 0x2e, 0x1c,
  0x81, 0x79, 0xde, 0xf8, 0x81, 0xb8, 0xa4, 0x72, 0x81, 0x88, 0x9f, 0xa1,
  0x05, 0x4c, 0x4f, 0xe6, 0xa5, 0x5a, 0xd6, 0x42, 0xaa, 0x0f, 0x61, 0xb6,
  0x6f, 0xc9, 0x71, 0x7f, 0xbe, 0x30, 0x9f, 0xd0, 0x88, 0xe3, 0x9a, 0x40,
  0x5a, 0xb6, 0xaa, 0x19, 0x6a, 0xff, 0xff, 0xff, 0x04, 0x00, 0x00, 0x00,
  0x18, 0x00, 0x00, 0x00, 0x9c, 0xfd, 0xff, 0xff, 0x9f, 0x01, 0x00, 0x00,
  0x8a, 0x00, 0x00, 0x00, 0x28, 0xff, 0xff, 0xff, 0x83, 0x02, 0x00, 0x00,
  0x48, 0xfe, 0xff, 0xff, 0x8e, 0xff, 0xff, 0xff, 0x04, 0x00, 0x00, 0x00,
  0x0c, 0x00, 0x00, 0x00, 0xff, 0xff, 0xff, 0xff, 0x10, 0x00, 0x00, 0x00,
  0x18, 0x00, 0x00, 0x00, 0xa6, 0xff, 0xff, 0xff, 0x04, 0x00, 0x00, 0x00,
  0x04, 0x00, 0x00, 0x00, 0x01, 0x00, 0x00, 0x00, 0xb6, 0xff, 0xff, 0xff,
  0x04, 0x00, 0x00, 0x00, 0x0c, 0x00, 0x00, 0x00, 0xff, 0xff, 0xff, 0xff,
  0x20, 0x00, 0x00, 0x00, 0x18, 0x00, 0x00, 0x00, 0xce, 0xff, 0xff, 0xff,
  0x04, 0x00, 0x00, 0x00, 0x0c, 0x00, 0x00, 0x00, 0xff, 0xff, 0xff, 0xff,
  0x40, 0x00, 0x00, 0x00, 0x08, 0x00, 0x00, 0x00, 0xe6, 0xff, 0xff, 0xff,
  0x04, 0x00, 0x00, 0x00, 0x0c, 0x00, 0x00, 0x00, 0xff, 0xff, 0xff, 0xff,
  0x80, 0x00, 0x00, 0x00, 0x40, 0x00, 0x00, 0x00, 0x00, 0x00, 0x06, 0x00,
  0x08, 0x00, 0x04, 0x00, 0x06, 0x00, 0x00, 0x00, 0x04, 0x00, 0x00, 0x00,
  0x04, 0x00, 0x00, 0x00, 0xfd, 0xff, 0xff, 0xff, 0x44, 0xd2, 0xff, 0xff,
  0x48, 0xd2, 0xff, 0xff, 0x0f, 0x00, 0x00, 0x00, 0x4d, 0x4c, 0x49, 0x52,
  0x20, 0x43, 0x6f, 0x6e, 0x76, 0x65, 0x72, 0x74, 0x65, 0x64, 0x2e, 0x00,
  0x01, 0x00, 0x00, 0x00, 0x14, 0x00, 0x00, 0x00, 0x00, 0x00, 0x0e, 0x00,
  0x18, 0x00, 0x14, 0x00, 0x10, 0x00, 0x0c, 0x00, 0x08, 0x00, 0x04, 0x00,
  0x0e, 0x00, 0x00, 0x00, 0x14, 0x00, 0x00, 0x00, 0x1c, 0x00, 0x00, 0x00,
  0xe4, 0x03, 0x00, 0x00, 0xe8, 0x03, 0x00, 0x00, 0xec, 0x03, 0x00, 0x00,
  0x04, 0x00, 0x00, 0x00, 0x6d, 0x61, 0x69, 0x6e, 0x00, 0x00, 0x00, 0x00,
  0x10, 0x00, 0x00, 0x00, 0x9c, 0x03, 0x00, 0x00, 0x3c, 0x03, 0x00, 0x00,
  0x04, 0x03, 0x00, 0x00, 0xc8, 0x02, 0x00, 0x00, 0x84, 0x02, 0x00, 0x00,
  0x5c, 0x02, 0x00, 0x00, 0x2c, 0x02, 0x00, 0x00, 0xe8, 0x01, 0x00, 0x00,
  0xc0, 0x01, 0x00, 0x00, 0x90, 0x01, 0x00, 0x00, 0x40, 0x01, 0x00, 0x00,
  0xec, 0x00, 0x00, 0x00, 0xc4, 0x00, 0x00, 0x00, 0x90, 0x00, 0x00, 0x00,
  0x4c, 0x00, 0x00, 0x00, 0x04, 0x00, 0x00, 0x00, 0x0e, 0xfd, 0xff, 0xff,
  0x14, 0x00, 0x00, 0x00, 0x00, 0x00, 0x00, 0x08, 0x10, 0x00, 0x00, 0x00,
  0x14, 0x00, 0x00, 0x00, 0x05, 0x00, 0x00, 0x00, 0xf8, 0xd2, 0xff, 0xff,
  0x01, 0x00, 0x00, 0x00, 0x24, 0x00, 0x00, 0x00, 0x03, 0x00, 0x00, 0x00,
  0x23, 0x00, 0x00, 0x00, 0x08, 0x00, 0x00, 0x00, 0x07, 0x00, 0x00, 0x00,
  0x00, 0x00, 0x0e, 0x00, 0x1a, 0x00, 0x14, 0x00, 0x10, 0x00, 0x0c, 0x00,
  0x0b, 0x00, 0x04, 0x00, 0x0e, 0x00, 0x00, 0x00, 0x1c, 0x00, 0x00, 0x00,
  0x00, 0x00, 0x00, 0x08, 0x1c, 0x00, 0x00, 0x00, 0x20, 0x00, 0x00, 0x00,
  0x05, 0x00, 0x00, 0x00, 0x00, 0x00, 0x06, 0x00, 0x08, 0x00, 0x07, 0x00,
  0x06, 0x00, 0x00, 0x00, 0x00, 0x00, 0x00, 0x01, 0x01, 0x00, 0x00, 0x00,
  0x23, 0x00, 0x00, 0x00, 0x03, 0x00, 0x00, 0x00, 0x22, 0x00, 0x00, 0x00,
  0x0a, 0x00, 0x00, 0x00, 0x09, 0x00, 0x00, 0x00, 0x92, 0xfd, 0xff, 0xff,
  0x14, 0x00, 0x00, 0x00, 0x00, 0x00, 0x00, 0x1b, 0x10, 0x00, 0x00, 0x00,
  0x14, 0x00, 0x00, 0x00, 0x04, 0x00, 0x00, 0x00, 0x7c, 0xd3, 0xff, 0xff,
  0x01, 0x00, 0x00, 0x00, 0x22, 0x00, 0x00, 0x00, 0x02, 0x00, 0x00, 0x00,
  0x21, 0x00, 0x00, 0x00, 0x05, 0x00, 0x00, 0x00, 0xf2, 0xfd, 0xff, 0xff,
  0x0c, 0x00, 0x00, 0x00, 0x10, 0x00, 0x00, 0x00, 0x02, 0x00, 0x00, 0x00,
  0x01, 0x00, 0x00, 0x00, 0x21, 0x00, 0x00, 0x00, 0x02, 0x00, 0x00, 0x00,
  0x20, 0x00, 0x00, 0x00, 0x06, 0x00, 0x00, 0x00, 0xe6, 0xfd, 0xff, 0xff,
  0x20, 0x00, 0x00, 0x00, 0x00, 0x00, 0x00, 0x01, 0x2c, 0x00, 0x00, 0x00,
  0x30, 0x00, 0x00, 0x00, 0x01, 0x00, 0x00, 0x00, 0x0c, 0x00, 0x14, 0x00,
  0x13, 0x00, 0x0c, 0x00, 0x08, 0x00, 0x07, 0x00, 0x0c, 0x00, 0x00, 0x00,
  0x00, 0x00, 0x00, 0x01, 0x01, 0x00, 0x00, 0x00, 0x01, 0x00, 0x00, 0x00,
  0x00, 0x00, 0x00, 0x01, 0x01, 0x00, 0x00, 0x00, 0x20, 0x00, 0x00, 0x00,
  0x03, 0x00, 0x00, 0x00, 0x1f, 0x00, 0x00, 0x00, 0x0c, 0x00, 0x00, 0x00,
  0x0b, 0x00, 0x00, 0x00, 0x36, 0xfe, 0xff, 0xff, 0x20, 0x00, 0x00, 0x00,
  0x00, 0x00, 0x00, 0x02, 0x28, 0x00, 0x00, 0x00, 0x2c, 0x00, 0x00, 0x00,
  0x03, 0x00, 0x00, 0x00, 0x0c, 0x00, 0x10, 0x00, 0x00, 0x00, 0x0c, 0x00,
  0x08, 0x00, 0x04, 0x00, 0x0c, 0x00, 0x00, 0x00, 0x01, 0x00, 0x00, 0x00,
  0x02, 0x00, 0x00, 0x00, 0x02, 0x00, 0x00, 0x00, 0x01, 0x00, 0x00, 0x00,
  0x1f, 0x00, 0x00, 0x00, 0x03, 0x00, 0x00, 0x00, 0x1e, 0x00, 0x00, 0x00,
  0x0e, 0x00, 0x00, 0x00, 0x0d, 0x00, 0x00, 0x00, 0x26, 0xfe, 0xff, 0xff,
  0x10, 0x00, 0x00, 0x00, 0x00, 0x00, 0x00, 0x34, 0x0c, 0x00, 0x00, 0x00,
  0x10, 0x00, 0x00, 0x00, 0x68, 0xd4, 0xff, 0xff, 0x01, 0x00, 0x00, 0x00,
  0x1e, 0x00, 0x00, 0x00, 0x02, 0x00, 0x00, 0x00, 0x1d, 0x00, 0x00, 0x00,
  0x05, 0x00, 0x00, 0x00, 0xde, 0xfe, 0xff, 0xff, 0x0c, 0x00, 0x00, 0x00,
  0x10, 0x00, 0x00, 0x00, 0x02, 0x00, 0x00, 0x00, 0x01, 0x00, 0x00, 0x00,
  0x1d, 0x00, 0x00, 0x00, 0x02, 0x00, 0x00, 0x00, 0x1c, 0x00, 0x00, 0x00,
  0x04, 0x00, 0x00, 0x00, 0xd2, 0xfe, 0xff, 0xff, 0x14, 0x00, 0x00, 0x00,
  0x00, 0x00, 0x00, 0x01, 0x1c, 0x00, 0x00, 0x00, 0x20, 0x00, 0x00, 0x00,
  0x01, 0x00, 0x00, 0x00, 0xc4, 0xfe, 0xff, 0xff, 0x00, 0x00, 0x00, 0x01,
  0x01, 0x00, 0x00, 0x00, 0x02, 0x00, 0x00, 0x00, 0x01, 0x00, 0x00, 0x00,
  0x1c, 0x00, 0x00, 0x00, 0x03, 0x00, 0x00, 0x00, 0x1b, 0x00, 0x00, 0x00,
  0x10, 0x00, 0x00, 0x00, 0x0f, 0x00, 0x00, 0x00, 0xb6, 0xfe, 0xff, 0xff,
  0x10, 0x00, 0x00, 0x00, 0x00, 0x00, 0x00, 0x34, 0x0c, 0x00, 0x00, 0x00,
  0x10, 0x00, 0x00, 0x00, 0xf8, 0xd4, 0xff, 0xff, 0x01, 0x00, 0x00, 0x00,
  0x1b, 0x00, 0x00, 0x00, 0x02, 0x00, 0x00, 0x00, 0x1a, 0x00, 0x00, 0x00,
  0x01, 0x00, 0x00, 0x00, 0x6e, 0xff, 0xff, 0xff, 0x0c, 0x00, 0x00, 0x00,
  0x10, 0x00, 0x00, 0x00, 0x02, 0x00, 0x00, 0x00, 0x01, 0x00, 0x00, 0x00,
  0x1a, 0x00, 0x00, 0x00, 0x02, 0x00, 0x00, 0x00, 0x19, 0x00, 0x00, 0x00,
  0x03, 0x00, 0x00, 0x00, 0x62, 0xff, 0xff, 0xff, 0x14, 0x00, 0x00, 0x00,
  0x00, 0x00, 0x00, 0x01, 0x1c, 0x00, 0x00, 0x00, 0x20, 0x00, 0x00, 0x00,
  0x01, 0x00, 0x00, 0x00, 0x54, 0xff, 0xff, 0xff, 0x00, 0x00, 0x00, 0x01,
  0x01, 0x00, 0x00, 0x00, 0x02, 0x00, 0x00, 0x00, 0x01, 0x00, 0x00, 0x00,
  0x19, 0x00, 0x00, 0x00, 0x03, 0x00, 0x00, 0x00, 0x18, 0x00, 0x00, 0x00,
  0x12, 0x00, 0x00, 0x00, 0x11, 0x00, 0x00, 0x00, 0x46, 0xff, 0xff, 0xff,
  0x10, 0x00, 0x00, 0x00, 0x00, 0x00, 0x00, 0x34, 0x0c, 0x00, 0x00, 0x00,
  0x10, 0x00, 0x00, 0x00, 0x88, 0xd5, 0xff, 0xff, 0x01, 0x00, 0x00, 0x00,
  0x18, 0x00, 0x00, 0x00, 0x02, 0x00, 0x00, 0x00, 0x17, 0x00, 0x00, 0x00,
  0x01, 0x00, 0x00, 0x00, 0x00, 0x00, 0x0a, 0x00, 0x10, 0x00, 0x0c, 0x00,
  0x08, 0x00, 0x04, 0x00, 0x0a, 0x00, 0x00, 0x00, 0x0c, 0x00, 0x00, 0x00,
  0x10, 0x00, 0x00, 0x00, 0x02, 0x00, 0x00, 0x00, 0x01, 0x00, 0x00, 0x00,
  0x17, 0x00, 0x00, 0x00, 0x02, 0x00, 0x00, 0x00, 0x16, 0x00, 0x00, 0x00,
  0x02, 0x00, 0x00, 0x00, 0x00, 0x00, 0x0e, 0x00, 0x18, 0x00, 0x14, 0x00,
  0x10, 0x00, 0x0c, 0x00, 0x0b, 0x00, 0x04, 0x00, 0x0e, 0x00, 0x00, 0x00,
  0x20, 0x00, 0x00, 0x00, 0x00, 0x00, 0x00, 0x01, 0x28, 0x00, 0x00, 0x00,
  0x2c, 0x00, 0x00, 0x00, 0x01, 0x00, 0x00, 0x00, 0x0c, 0x00, 0x10, 0x00,
  0x00, 0x00, 0x0c, 0x00, 0x08, 0x00, 0x07, 0x00, 0x0c, 0x00, 0x00, 0x00,
  0x00, 0x00, 0x00, 0x01, 0x01, 0x00, 0x00, 0x00, 0x01, 0x00, 0x00, 0x00,
  0x01, 0x00, 0x00, 0x00, 0x16, 0x00, 0x00, 0x00, 0x03, 0x00, 0x00, 0x00,
  0x15, 0x00, 0x00, 0x00, 0x14, 0x00, 0x00, 0x00, 0x13, 0x00, 0x00, 0x00,
  0x00, 0x00, 0x0e, 0x00, 0x14, 0x00, 0x00, 0x00, 0x10, 0x00, 0x0c, 0x00,
  0x0b, 0x00, 0x04, 0x00, 0x0e, 0x00, 0x00, 0x00, 0x10, 0x00, 0x00, 0x00,
  0x00, 0x00, 0x00, 0x34, 0x0c, 0x00, 0x00, 0x00, 0x10, 0x00, 0x00, 0x00,
  0x50, 0xd6, 0xff, 0xff, 0x01, 0x00, 0x00, 0x00, 0x15, 0x00, 0x00, 0x00,
  0x02, 0x00, 0x00, 0x00, 0x00, 0x00, 0x00, 0x00, 0x01, 0x00, 0x00, 0x00,
  0x01, 0x00, 0x00, 0x00, 0x24, 0x00, 0x00, 0x00, 0x01, 0x00, 0x00, 0x00,
  0x00, 0x00, 0x00, 0x00, 0x25, 0x00, 0x00, 0x00, 0xbc, 0x29, 0x00, 0x00,
  0x64, 0x29, 0x00, 0x00, 0x0c, 0x29, 0x00, 0x00, 0xcc, 0x28, 0x00, 0x00,
  0x8c, 0x28, 0x00, 0x00, 0x50, 0x28, 0x00, 0x00, 0x10, 0x28, 0x00, 0x00,
  0x70, 0x27, 0x00, 0x00, 0xcc, 0x26, 0x00, 0x00, 0xb8, 0x25, 0x00, 0x00,
  0x9c, 0x24, 0x00, 0x00, 0x28, 0x23, 0x00, 0x00, 0xa4, 0x21, 0x00, 0x00,
  0x30, 0x20, 0x00, 0x00, 0x94, 0x1e, 0x00, 0x00, 0x08, 0x1d, 0x00, 0x00,
  0x84, 0x1b, 0x00, 0x00, 0xd0, 0x1a, 0x00, 0x00, 0x0c, 0x1a, 0x00, 0x00,
  0xb8, 0x16, 0x00, 0x00, 0x54, 0x13, 0x00, 0x00, 0xa8, 0x12, 0x00, 0x00,
  0xcc, 0x10, 0x00, 0x00, 0x24, 0x0f, 0x00, 0x00, 0x7c, 0x0e, 0x00, 0x00,
  0xa0, 0x0c, 0x00, 0x00, 0xf8, 0x0a, 0x00, 0x00, 0x50, 0x0a, 0x00, 0x00,
  0x74, 0x08, 0x00, 0x00, 0xcc, 0x06, 0x00, 0x00, 0x24, 0x06, 0x00, 0x00,
  0x70, 0x05, 0x00, 0x00, 0x8c, 0x03, 0x00, 0x00, 0xe4, 0x01, 0x00, 0x00,
  0x4c, 0x01, 0x00, 0x00, 0x80, 0x00, 0x00, 0x00, 0x04, 0x00, 0x00, 0x00,
  0xee, 0xd6, 0xff, 0xff, 0x00, 0x00, 0x00, 0x01, 0x18, 0x00, 0x00, 0x00,
  0x20, 0x00, 0x00, 0x00, 0x3c, 0x00, 0x00, 0x00, 0x25, 0x00, 0x00, 0x00,
  0x00, 0x00, 0x00, 0x09, 0x50, 0x00, 0x00, 0x00, 0x02, 0x00, 0x00, 0x00,
  0xff, 0xff, 0xff, 0xff, 0x06, 0x00, 0x00, 0x00, 0xd4, 0xd6, 0xff, 0xff,
  0x08, 0x00, 0x00, 0x00, 0x10, 0x00, 0x00, 0x00, 0x01, 0x00, 0x00, 0x00,
  0xfd, 0xff, 0xff, 0xff, 0xff, 0xff, 0xff, 0xff, 0x01, 0x00, 0x00, 0x00,
  0xc8, 0x0f, 0x89, 0x3e, 0x1b, 0x00, 0x00, 0x00, 0x53, 0x74, 0x61, 0x74,
  0x65, 0x66, 0x75, 0x6c, 0x50, 0x61, 0x72, 0x74, 0x69, 0x74, 0x69, 0x6f,
  0x6e, 0x65, 0x64, 0x43, 0x61, 0x6c, 0x6c, 0x5f, 0x31, 0x3a, 0x30, 0x00,
  0x02, 0x00, 0x00, 0x00, 0x01, 0x00, 0x00, 0x00, 0x06, 0x00, 0x00, 0x00,
  0x66, 0xd7, 0xff, 0xff, 0x00, 0x00, 0x00, 0x01, 0x18, 0x00, 0x00, 0x00,
  0x20, 0x00, 0x00, 0x00, 0x3c, 0x00, 0x00, 0x00, 0x24, 0x00, 0x00, 0x00,
  0x00, 0x00, 0x00, 0x09, 0xa0, 0x00, 0x00, 0x00, 0x02, 0x00, 0x00, 0x00,
  0xff, 0xff, 0xff, 0xff, 0x10, 0x00, 0x00, 0x00, 0x4c, 0xd7, 0xff, 0xff,
  0x08, 0x00, 0x00, 0x00, 0x10, 0x00, 0x00, 0x00, 0x01, 0x00, 0x00, 0x00,
  0x80, 0xff, 0xff, 0xff, 0xff, 0xff, 0xff, 0xff, 0x01, 0x00, 0x00, 0x00,
  0x79, 0x37, 0x69, 0x3d, 0x6a, 0x00, 0x00, 0x00, 0x66, 0x75, 0x6e, 0x63,
  0x74, 0x69, 0x6f, 0x6e, 0x61, 0x6c, 0x5f, 0x32, 0x39, 0x35, 0x5f, 0x31,
  0x2f, 0x64, 0x65, 0x6e, 0x73, 0x65, 0x5f, 0x35, 0x30, 0x31, 0x5f, 0x31,
  0x2f, 0x4d, 0x61, 0x74, 0x4d, 0x75, 0x6c, 0x3b, 0x66, 0x75, 0x6e, 0x63,
  0x74, 0x69, 0x6f, 0x6e, 0x61, 0x6c, 0x5f, 0x32, 0x39, 0x35, 0x5f, 0x31,
  0x2f, 0x64, 0x65, 0x6e, 0x73, 0x65, 0x5f, 0x35, 0x30, 0x31, 0x5f, 0x31,
  0x2f, 0x52, 0x65, 0x6c, 0x75, 0x3b, 0x66, 0x75, 0x6e, 0x63, 0x74, 0x69,
  0x6f, 0x6e, 0x61, 0x6c, 0x5f, 0x32, 0x39, 0x35, 0x5f, 0x31, 0x2f, 0x64,
  0x65, 0x6e, 0x73, 0x65, 0x5f, 0x35, 0x30, 0x31, 0x5f, 0x31, 0x2f, 0x42,
  0x69, 0x61, 0x73, 0x41, 0x64, 0x64, 0x00, 0x00, 0x02, 0x00, 0x00, 0x00,
  0x01, 0x00, 0x00, 0x00, 0x10, 0x00, 0x00, 0x00, 0x2e, 0xd8, 0xff, 0xff,
  0x00, 0x00, 0x00, 0x01, 0x18, 0x00, 0x00, 0x00, 0x20, 0x00, 0x00, 0x00,
  0x3c, 0x00, 0x00, 0x00, 0x23, 0x00, 0x00, 0x00, 0x00, 0x00, 0x00, 0x09,
  0x6c, 0x00, 0x00, 0x00, 0x02, 0x00, 0x00, 0x00, 0xff, 0xff, 0xff, 0xff,
  0x18, 0x00, 0x00, 0x00, 0x14, 0xd8, 0xff, 0xff, 0x08, 0x00, 0x00, 0x00,
  0x10, 0x00, 0x00, 0x00, 0x01, 0x00, 0x00, 0x00, 0x80, 0xff, 0xff, 0xff,
  0xff, 0xff, 0xff, 0xff, 0x01, 0x00, 0x00, 0x00, 0xd9, 0xe6, 0xba, 0x3c,
  0x34, 0x00, 0x00, 0x00, 0x66, 0x75, 0x6e, 0x63, 0x74, 0x69, 0x6f, 0x6e,
  0x61, 0x6c, 0x5f, 0x32, 0x39, 0x35, 0x5f, 0x31, 0x2f, 0x67, 0x6c, 0x6f,
  0x62, 0x61, 0x6c, 0x5f, 0x61, 0x76, 0x65, 0x72, 0x61, 0x67, 0x65, 0x5f,
  0x70, 0x6f, 0x6f, 0x6c, 0x69, 0x6e, 0x67, 0x31, 0x64, 0x5f, 0x32, 0x39,
  0x36, 0x5f, 0x31, 0x2f, 0x4d, 0x65, 0x61, 0x6e, 0x00, 0x00, 0x00, 0x00,
  0x02, 0x00, 0x00, 0x00, 0x01, 0x00, 0x00, 0x00, 0x18, 0x00, 0x00, 0x00,
  0xc2, 0xd8, 0xff, 0xff, 0x00, 0x00, 0x00, 0x01, 0x18, 0x00, 0x00, 0x00,
  0x24, 0x00, 0x00, 0x00, 0x44, 0x00, 0x00, 0x00, 0x22, 0x00, 0x00, 0x00,
  0x00, 0x00, 0x00, 0x09, 0x78, 0x01, 0x00, 0x00, 0x03, 0x00, 0x00, 0x00,
  0xff, 0xff, 0xff, 0xff, 0x10, 0x00, 0x00, 0x00, 0x18, 0x00, 0x00, 0x00,
  0xac, 0xd8, 0xff, 0xff, 0x08, 0x00, 0x00, 0x00, 0x14, 0x00, 0x00, 0x00,
  0x01, 0x00, 0x00, 0x00, 0x80, 0xff, 0xff, 0xff, 0xff, 0xff, 0xff, 0xff,
  0x00, 0x00, 0x00, 0x00, 0x01, 0x00, 0x00, 0x00, 0x21, 0x78, 0xc3, 0x3c,
  0x39, 0x01, 0x00, 0x00, 0x66, 0x75, 0x6e, 0x63, 0x74, 0x69, 0x6f, 0x6e,
  0x61, 0x6c, 0x5f, 0x32, 0x39, 0x35, 0x5f, 0x31, 0x2f, 0x72, 0x65, 0x5f,
  0x6c, 0x75, 0x5f, 0x36, 0x37, 0x38, 0x5f, 0x31, 0x2f, 0x52, 0x65, 0x6c,
  0x75, 0x3b, 0x66, 0x75, 0x6e, 0x63, 0x74, 0x69, 0x6f, 0x6e, 0x61, 0x6c,
  0x5f, 0x32, 0x39, 0x35, 0x5f, 0x31, 0x2f, 0x62, 0x61, 0x74, 0x63, 0x68,
  0x5f, 0x6e, 0x6f, 0x72, 0x6d, 0x61, 0x6c, 0x69, 0x7a, 0x61, 0x74, 0x69,
  0x6f, 0x6e, 0x5f, 0x36, 0x38, 0x32, 0x5f, 0x31, 0x2f, 0x62, 0x61, 0x74,
  0x63, 0x68, 0x6e, 0x6f, 0x72, 0x6d, 0x2f, 0x61, 0x64, 0x64, 0x5f, 0x31,
  0x3b, 0x66, 0x75, 0x6e, 0x63, 0x74, 0x69, 0x6f, 0x6e, 0x61, 0x6c, 0x5f,
  0x32, 0x39, 0x35, 0x5f, 0x31, 0x2f, 0x73, 0x65, 0x70, 0x61, 0x72, 0x61,
  0x62, 0x6c, 0x65, 0x5f, 0x63, 0x6f, 0x6e, 0x76, 0x31, 0x64, 0x5f, 0x33,
  0x32, 0x33, 0x5f, 0x31, 0x2f, 0x53, 0x71, 0x75, 0x65, 0x65, 0x7a, 0x65,
  0x3b, 0x66, 0x75, 0x6e, 0x63, 0x74, 0x69, 0x6f, 0x6e, 0x61, 0x6c, 0x5f,
  0x32, 0x39, 0x35, 0x5f, 0x31, 0x2f, 0x62, 0x61, 0x74, 0x63, 0x68, 0x5f,
  0x6e, 0x6f, 0x72, 0x6d, 0x61, 0x6c, 0x69, 0x7a, 0x61, 0x74, 0x69, 0x6f,
  0x6e, 0x5f, 0x36, 0x38, 0x32, 0x5f, 0x31, 0x2f, 0x62, 0x61, 0x74, 0x63,
  0x68, 0x6e, 0x6f, 0x72, 0x6d, 0x2f, 0x6d, 0x75, 0x6c, 0x5f, 0x31, 0x3b,
  0x66, 0x75, 0x6e, 0x63, 0x74, 0x69, 0x6f, 0x6e, 0x61, 0x6c, 0x5f, 0x32,
  0x39, 0x35, 0x5f, 0x31, 0x2f, 0x62, 0x61, 0x74, 0x63, 0x68, 0x5f, 0x6e,
  0x6f, 0x72, 0x6d, 0x61, 0x6c, 0x69, 0x7a, 0x61, 0x74, 0x69, 0x6f, 0x6e,
  0x5f, 0x36, 0x38, 0x32, 0x5f, 0x31, 0x2f, 0x62, 0x61, 0x74, 0x63, 0x68,
  0x6e, 0x6f, 0x72, 0x6d, 0x2f, 0x6d, 0x75, 0x6c, 0x3b, 0x66, 0x75, 0x6e,
  0x63, 0x74, 0x69, 0x6f, 0x6e, 0x61, 0x6c, 0x5f, 0x32, 0x39, 0x35, 0x5f,
  0x31, 0x2f, 0x62, 0x61, 0x74, 0x63, 0x68, 0x5f, 0x6e, 0x6f, 0x72, 0x6d,
  0x61, 0x6c, 0x69, 0x7a, 0x61, 0x74, 0x69, 0x6f, 0x6e, 0x5f, 0x36, 0x38,
  0x32, 0x5f, 0x31, 0x2f, 0x62, 0x61, 0x74, 0x63, 0x68, 0x6e, 0x6f, 0x72,
  0x6d, 0x2f, 0x73, 0x75, 0x62, 0x00, 0x00, 0x00, 0x03, 0x00, 0x00, 0x00,
  0x01, 0x00, 0x00, 0x00, 0x10, 0x00, 0x00, 0x00, 0x18, 0x00, 0x00, 0x00,
  0x66, 0xda, 0xff, 0xff, 0x00, 0x00, 0x00, 0x01, 0x18, 0x00, 0x00, 0x00,
  0x28, 0x00, 0x00, 0x00, 0x44, 0x00, 0x00, 0x00, 0x21, 0x00, 0x00, 0x00,
  0x00, 0x00, 0x00, 0x09, 0xb0, 0x01, 0x00, 0x00, 0x04, 0x00, 0x00, 0x00,
  0xff, 0xff, 0xff, 0xff, 0x01, 0x00, 0x00, 0x00, 0x10, 0x00, 0x00, 0x00,
  0x18, 0x00, 0x00, 0x00, 0x54, 0xda, 0xff, 0xff, 0x08, 0x00, 0x00, 0x00,
  0x10, 0x00, 0x00, 0x00, 0x01, 0x00, 0x00, 0x00, 0x80, 0xff, 0xff, 0xff,
  0xff, 0xff, 0xff, 0xff, 0x01, 0x00, 0x00, 0x00, 0x21, 0x78, 0xc3, 0x3c,
  0x72, 0x01, 0x00, 0x00, 0x66, 0x75, 0x6e, 0x63, 0x74, 0x69, 0x6f, 0x6e,
  0x61, 0x6c, 0x5f, 0x32, 0x39, 0x35, 0x5f, 0x31, 0x2f, 0x72, 0x65, 0x5f,
  0x6c, 0x75, 0x5f, 0x36, 0x37, 0x38, 0x5f, 0x31, 0x2f, 0x52, 0x65, 0x6c,
  0x75, 0x3b, 0x66, 0x75, 0x6e, 0x63, 0x74, 0x69, 0x6f, 0x6e, 0x61, 0x6c,
  0x5f, 0x32, 0x39, 0x35, 0x5f, 0x31, 0x2f, 0x62, 0x61, 0x74, 0x63, 0x68,
  0x5f, 0x6e, 0x6f, 0x72, 0x6d, 0x61, 0x6c, 0x69, 0x7a, 0x61, 0x74, 0x69,
  0x6f, 0x6e, 0x5f, 0x36, 0x38, 0x32, 0x5f, 0x31, 0x2f, 0x62, 0x61, 0x74,
  0x63, 0x68, 0x6e, 0x6f, 0x72, 0x6d, 0x2f, 0x61, 0x64, 0x64, 0x5f, 0x31,
  0x3b, 0x66, 0x75, 0x6e, 0x63, 0x74, 0x69, 0x6f, 0x6e, 0x61, 0x6c, 0x5f,
  0x32, 0x39, 0x35, 0x5f, 0x31, 0x2f, 0x73, 0x65, 0x70, 0x61, 0x72, 0x61,
  0x62, 0x6c, 0x65, 0x5f, 0x63, 0x6f, 0x6e, 0x76, 0x31, 0x64, 0x5f, 0x33,
  0x32, 0x33, 0x5f, 0x31, 0x2f, 0x53, 0x71, 0x75, 0x65, 0x65, 0x7a, 0x65,
  0x3b, 0x66, 0x75, 0x6e, 0x63, 0x74, 0x69, 0x6f, 0x6e, 0x61, 0x6c, 0x5f,
  0x32, 0x39, 0x35, 0x5f, 0x31, 0x2f, 0x62, 0x61, 0x74, 0x63, 0x68, 0x5f,
  0x6e, 0x6f, 0x72, 0x6d, 0x61, 0x6c, 0x69, 0x7a, 0x61, 0x74, 0x69, 0x6f,
  0x6e, 0x5f, 0x36, 0x38, 0x32, 0x5f, 0x31, 0x2f, 0x62, 0x61, 0x74, 0x63,
  0x68, 0x6e, 0x6f, 0x72, 0x6d, 0x2f, 0x6d, 0x75, 0x6c, 0x5f, 0x31, 0x3b,
  0x66, 0x75, 0x6e, 0x63, 0x74, 0x69, 0x6f, 0x6e, 0x61, 0x6c, 0x5f, 0x32,
  0x39, 0x35, 0x5f, 0x31, 0x2f, 0x62, 0x61, 0x74, 0x63, 0x68, 0x5f, 0x6e,
  0x6f, 0x72, 0x6d, 0x61, 0x6c, 0x69, 0x7a, 0x61, 0x74, 0x69, 0x6f, 0x6e,
  0x5f, 0x36, 0x38, 0x32, 0x5f, 0x31, 0x2f, 0x62, 0x61, 0x74, 0x63, 0x68,
  0x6e, 0x6f, 0x72, 0x6d, 0x2f, 0x6d, 0x75, 0x6c, 0x3b, 0x66, 0x75, 0x6e,
  0x63, 0x74, 0x69, 0x6f, 0x6e, 0x61, 0x6c, 0x5f, 0x32, 0x39, 0x35, 0x5f,
  0x31, 0x2f, 0x62, 0x61, 0x74, 0x63, 0x68, 0x5f, 0x6e, 0x6f, 0x72, 0x6d,
  0x61, 0x6c, 0x69, 0x7a, 0x61, 0x74, 0x69, 0x6f, 0x6e, 0x5f, 0x36, 0x38,
  0x32, 0x5f, 0x31, 0x2f, 0x62, 0x61, 0x74, 0x63, 0x68, 0x6e, 0x6f, 0x72,
  0x6d, 0x2f, 0x73, 0x75, 0x62, 0x3b, 0x66, 0x75, 0x6e, 0x63, 0x74, 0x69,
  0x6f, 0x6e, 0x61, 0x6c, 0x5f, 0x32, 0x39, 0x35, 0x5f, 0x31, 0x2f, 0x73,
  0x65, 0x70, 0x61, 0x72, 0x61, 0x62, 0x6c, 0x65, 0x5f, 0x63, 0x6f, 0x6e,
  0x76, 0x31, 0x64, 0x5f, 0x33, 0x32, 0x33, 0x5f, 0x31, 0x2f, 0x73, 0x65,
  0x70, 0x61, 0x72, 0x61, 0x62, 0x6c, 0x65, 0x5f, 0x63, 0x6f, 0x6e, 0x76,
  0x32, 0x64, 0x00, 0x00, 0x04, 0x00, 0x00, 0x00, 0x01, 0x00, 0x00, 0x00,
  0x01, 0x00, 0x00, 0x00, 0x10, 0x00, 0x00, 0x00, 0x18, 0x00, 0x00, 0x00,
  0x46, 0xdc, 0xff, 0xff, 0x00, 0x00, 0x00, 0x01, 0x18, 0x00, 0x00, 0x00,
  0x28, 0x00, 0x00, 0x00, 0x44, 0x00, 0x00, 0x00, 0x20, 0x00, 0x00, 0x00,
  0x00, 0x00, 0x00, 0x09, 0x80, 0x00, 0x00, 0x00, 0x04, 0x00, 0x00, 0x00,
  0xff, 0xff, 0xff, 0xff, 0x01, 0x00, 0x00, 0x00, 0x10, 0x00, 0x00, 0x00,
  0x18, 0x00, 0x00, 0x00, 0x34, 0xdc, 0xff, 0xff, 0x08, 0x00, 0x00, 0x00,
  0x10, 0x00, 0x00, 0x00, 0x01, 0x00, 0x00, 0x00, 0x13, 0x00, 0x00, 0x00,
  0x00, 0x00, 0x00, 0x00, 0x01, 0x00, 0x00, 0x00, 0x1c, 0xee, 0x3b, 0x3c,
  0x42, 0x00, 0x00, 0x00, 0x66, 0x75, 0x6e, 0x63, 0x74, 0x69, 0x6f, 0x6e,
  0x61, 0x6c, 0x5f, 0x32, 0x39, 0x35, 0x5f, 0x31, 0x2f, 0x73, 0x65, 0x70,
  0x61, 0x72, 0x61, 0x62, 0x6c, 0x65, 0x5f, 0x63, 0x6f, 0x6e, 0x76, 0x31,
  0x64, 0x5f, 0x33, 0x32, 0x33, 0x5f, 0x31, 0x2f, 0x73, 0x65, 0x70, 0x61,
  0x72, 0x61, 0x62, 0x6c, 0x65, 0x5f, 0x63, 0x6f, 0x6e, 0x76, 0x32, 0x64,
  0x2f, 0x64, 0x65, 0x70, 0x74, 0x68, 0x77, 0x69, 0x73, 0x65, 0x00, 0x00,
  0x04, 0x00, 0x00, 0x00, 0x01, 0x00, 0x00, 0x00, 0x01, 0x00, 0x00, 0x00,
  0x10, 0x00, 0x00, 0x00, 0x18, 0x00, 0x00, 0x00, 0xf6, 0xdc, 0xff, 0xff,
  0x00, 0x00, 0x00, 0x01, 0x18, 0x00, 0x00, 0x00, 0x28, 0x00, 0x00, 0x00,
  0x48, 0x00, 0x00, 0x00, 0x1f, 0x00, 0x00, 0x00, 0x00, 0x00, 0x00, 0x09,
  0x74, 0x00, 0x00, 0x00, 0x04, 0x00, 0x00, 0x00, 0xff, 0xff, 0xff, 0xff,
  0x01, 0x00, 0x00, 0x00, 0x20, 0x00, 0x00, 0x00, 0x18, 0x00, 0x00, 0x00,
  0xe4, 0xdc, 0xff, 0xff, 0x08, 0x00, 0x00, 0x00, 0x14, 0x00, 0x00, 0x00,
  0x01, 0x00, 0x00, 0x00, 0x80, 0xff, 0xff, 0xff, 0xff, 0xff, 0xff, 0xff,
  0x00, 0x00, 0x00, 0x00, 0x01, 0x00, 0x00, 0x00, 0xc5, 0x68, 0x7d, 0x3c,
  0x32, 0x00, 0x00, 0x00, 0x66, 0x75, 0x6e, 0x63, 0x74, 0x69, 0x6f, 0x6e,
  0x61, 0x6c, 0x5f, 0x32, 0x39, 0x35, 0x5f, 0x31, 0x2f, 0x73, 0x65, 0x70,
  0x61, 0x72, 0x61, 0x62, 0x6c, 0x65, 0x5f, 0x63, 0x6f, 0x6e, 0x76, 0x31,
  0x64, 0x5f, 0x33, 0x32, 0x33, 0x5f, 0x31, 0x2f, 0x45, 0x78, 0x70, 0x61,
  0x6e, 0x64, 0x44, 0x69, 0x6d, 0x73, 0x00, 0x00, 0x04, 0x00, 0x00, 0x00,
  0x01, 0x00, 0x00, 0x00, 0x01, 0x00, 0x00, 0x00, 0x20, 0x00, 0x00, 0x00,
  0x18, 0x00, 0x00, 0x00, 0x9a, 0xdd, 0xff, 0xff, 0x00, 0x00, 0x00, 0x01,
  0x18, 0x00, 0x00, 0x00, 0x24, 0x00, 0x00, 0x00, 0x44, 0x00, 0x00, 0x00,
  0x1e, 0x00, 0x00, 0x00, 0x00, 0x00, 0x00, 0x09, 0x78, 0x01, 0x00, 0x00,
  0x03, 0x00, 0x00, 0x00, 0xff, 0xff, 0xff, 0xff, 0x20, 0x00, 0x00, 0x00,
  0x18, 0x00, 0x00, 0x00, 0x84, 0xdd, 0xff, 0xff, 0x08, 0x00, 0x00, 0x00,
  0x14, 0x00, 0x00, 0x00, 0x01, 0x00, 0x00, 0x00, 0x80, 0xff, 0xff, 0xff,
  0xff, 0xff, 0xff, 0xff, 0x00, 0x00, 0x00, 0x00, 0x01, 0x00, 0x00, 0x00,
  0xc5, 0x68, 0x7d, 0x3c, 0x3b, 0x01, 0x00, 0x00, 0x66, 0x75, 0x6e, 0x63,
  0x74, 0x69, 0x6f, 0x6e, 0x61, 0x6c, 0x5f, 0x32, 0x39, 0x35, 0x5f, 0x31,
  0x2f, 0x72, 0x65, 0x5f, 0x6c, 0x75, 0x5f, 0x36, 0x37, 0x37, 0x5f, 0x31,
  0x2f, 0x52, 0x65, 0x6c, 0x75, 0x3b, 0x66, 0x75, 0x6e, 0x63, 0x74, 0x69,
  0x6f, 0x6e, 0x61, 0x6c, 0x5f, 0x32, 0x39, 0x35, 0x5f, 0x31, 0x2f, 0x62,
  0x61, 0x74, 0x63, 0x68, 0x5f, 0x6e, 0x6f, 0x72, 0x6d, 0x61, 0x6c, 0x69,
  0x7a, 0x61, 0x74, 0x69, 0x6f, 0x6e, 0x5f, 0x36, 0x38, 0x31, 0x5f, 0x31,
  0x2f, 0x62, 0x61, 0x74, 0x63, 0x68, 0x6e, 0x6f, 0x72, 0x6d, 0x2f, 0x61,
  0x64, 0x64, 0x5f, 0x31, 0x3b, 0x66, 0x75, 0x6e, 0x63, 0x74, 0x69, 0x6f,
  0x6e, 0x61, 0x6c, 0x5f, 0x32, 0x39, 0x35, 0x5f, 0x31, 0x2f, 0x63, 0x6f,
  0x6e, 0x76, 0x31, 0x64, 0x5f, 0x33, 0x36, 0x30, 0x5f, 0x31, 0x2f, 0x63,
  0x6f, 0x6e, 0x76, 0x6f, 0x6c, 0x75, 0x74, 0x69, 0x6f, 0x6e, 0x2f, 0x53,
  0x71, 0x75, 0x65, 0x65, 0x7a, 0x65, 0x3b, 0x66, 0x75, 0x6e, 0x63, 0x74,
  0x69, 0x6f, 0x6e, 0x61, 0x6c, 0x5f, 0x32, 0x39, 0x35, 0x5f, 0x31, 0x2f,
  0x62, 0x61, 0x74, 0x63, 0x68, 0x5f, 0x6e, 0x6f, 0x72, 0x6d, 0x61, 0x6c,
  0x69, 0x7a, 0x61, 0x74, 0x69, 0x6f, 0x6e, 0x5f, 0x36, 0x38, 0x31, 0x5f,
  0x31, 0x2f, 0x62, 0x61, 0x74, 0x63, 0x68, 0x6e, 0x6f, 0x72, 0x6d, 0x2f,
  0x6d, 0x75, 0x6c, 0x5f, 0x31, 0x3b, 0x66, 0x75, 0x6e, 0x63, 0x74, 0x69,
  0x6f, 0x6e, 0x61, 0x6c, 0x5f, 0x32, 0x39, 0x35, 0x5f, 0x31, 0x2f, 0x62,
  0x61, 0x74, 0x63, 0x68, 0x5f, 0x6e, 0x6f, 0x72, 0x6d, 0x61, 0x6c, 0x69,
  0x7a, 0x61, 0x74, 0x69, 0x6f, 0x6e, 0x5f, 0x36, 0x38, 0x31, 0x5f, 0x31,
  0x2f, 0x62, 0x61, 0x74, 0x63, 0x68, 0x6e, 0x6f, 0x72, 0x6d, 0x2f, 0x6d,
  0x75, 0x6c, 0x3b, 0x66, 0x75, 0x6e, 0x63, 0x74, 0x69, 0x6f, 0x6e, 0x61,
  0x6c, 0x5f, 0x32, 0x39, 0x35, 0x5f, 0x31, 0x2f, 0x62, 0x61, 0x74, 0x63,
  0x68, 0x5f, 0x6e, 0x6f, 0x72, 0x6d, 0x61, 0x6c, 0x69, 0x7a, 0x61, 0x74,
  0x69, 0x6f, 0x6e, 0x5f, 0x36, 0x38, 0x31, 0x5f, 0x31, 0x2f, 0x62, 0x61,
  0x74, 0x63, 0x68, 0x6e, 0x6f, 0x72, 0x6d, 0x2f, 0x73, 0x75, 0x62, 0x00,
  0x03, 0x00, 0x00, 0x00, 0x01, 0x00, 0x00, 0x00, 0x20, 0x00, 0x00, 0x00,
  0x18, 0x00, 0x00, 0x00, 0x3e, 0xdf, 0xff, 0xff, 0x00, 0x00, 0x00, 0x01,
  0x18, 0x00, 0x00, 0x00, 0x28, 0x00, 0x00, 0x00, 0x48, 0x00, 0x00, 0x00,
  0x1d, 0x00, 0x00, 0x00, 0x00, 0x00, 0x00, 0x09, 0xa8, 0x01, 0x00, 0x00,
  0x04, 0x00, 0x00, 0x00, 0xff, 0xff, 0xff, 0xff, 0x01, 0x00, 0x00, 0x00,
  0x20, 0x00, 0x00, 0x00, 0x18, 0x00, 0x00, 0x00, 0x2c, 0xdf, 0xff, 0xff,
  0x08, 0x00, 0x00, 0x00, 0x14, 0x00, 0x00, 0x00, 0x01, 0x00, 0x00, 0x00,
  0x80, 0xff, 0xff, 0xff, 0xff, 0xff, 0xff, 0xff, 0x00, 0x00, 0x00, 0x00,
  0x01, 0x00, 0x00, 0x00, 0xc5, 0x68, 0x7d, 0x3c, 0x65, 0x01, 0x00, 0x00,
  0x66, 0x75, 0x6e, 0x63, 0x74, 0x69, 0x6f, 0x6e, 0x61, 0x6c, 0x5f, 0x32,
  0x39, 0x35, 0x5f, 0x31, 0x2f, 0x72, 0x65, 0x5f, 0x6c, 0x75, 0x5f, 0x36,
  0x37, 0x37, 0x5f, 0x31, 0x2f, 0x52, 0x65, 0x6c, 0x75, 0x3b, 0x66, 0x75,
  0x6e, 0x63, 0x74, 0x69, 0x6f, 0x6e, 0x61, 0x6c, 0x5f, 0x32, 0x39, 0x35,
  0x5f, 0x31, 0x2f, 0x62, 0x61, 0x74, 0x63, 0x68, 0x5f, 0x6e, 0x6f, 0x72,
  0x6d, 0x61, 0x6c, 0x69, 0x7a, 0x61, 0x74, 0x69, 0x6f, 0x6e, 0x5f, 0x36,
  0x38, 0x31, 0x5f, 0x31, 0x2f, 0x62, 0x61, 0x74, 0x63, 0x68, 0x6e, 0x6f,
  0x72, 0x6d, 0x2f, 0x61, 0x64, 0x64, 0x5f, 0x31, 0x3b, 0x66, 0x75, 0x6e,
  0x63, 0x74, 0x69, 0x6f, 0x6e, 0x61, 0x6c, 0x5f, 0x32, 0x39, 0x35, 0x5f,
  0x31, 0x2f, 0x63, 0x6f, 0x6e, 0x76, 0x31, 0x64, 0x5f, 0x33, 0x36, 0x30,
  0x5f, 0x31, 0x2f, 0x63, 0x6f, 0x6e, 0x76, 0x6f, 0x6c, 0x75, 0x74, 0x69,
  0x6f, 0x6e, 0x2f, 0x53, 0x71, 0x75, 0x65, 0x65, 0x7a, 0x65, 0x3b, 0x66,
  0x75, 0x6e, 0x63, 0x74, 0x69, 0x6f, 0x6e, 0x61, 0x6c, 0x5f, 0x32, 0x39,
  0x35, 0x5f, 0x31, 0x2f, 0x62, 0x61, 0x74, 0x63, 0x68, 0x5f, 0x6e, 0x6f,
  0x72, 0x6d, 0x61, 0x6c, 0x69, 0x7a, 0x61, 0x74, 0x69, 0x6f, 0x6e, 0x5f,
  0x36, 0x38, 0x31, 0x5f, 0x31, 0x2f, 0x62, 0x61, 0x74, 0x63, 0x68, 0x6e,
  0x6f, 0x72, 0x6d, 0x2f, 0x6d, 0x75, 0x6c, 0x5f, 0x31, 0x3b, 0x66, 0x75,
  0x6e, 0x63, 0x74, 0x69, 0x6f, 0x6e, 0x61, 0x6c, 0x5f, 0x32, 0x39, 0x35,
  0x5f, 0x31, 0x2f, 0x62, 0x61, 0x74, 0x63, 0x68, 0x5f, 0x6e, 0x6f, 0x72,
  0x6d, 0x61, 0x6c, 0x69, 0x7a, 0x61, 0x74, 0x69, 0x6f, 0x6e, 0x5f, 0x36,
  0x38, 0x31, 0x5f, 0x31, 0x2f, 0x62, 0x61, 0x74, 0x63, 0x68, 0x6e, 0x6f,
  0x72, 0x6d, 0x2f, 0x6d, 0x75, 0x6c, 0x3b, 0x66, 0x75, 0x6e, 0x63, 0x74,
  0x69, 0x6f, 0x6e, 0x61, 0x6c, 0x5f, 0x32, 0x39, 0x35, 0x5f, 0x31, 0x2f,
  0x62, 0x61, 0x74, 0x63, 0x68, 0x5f, 0x6e, 0x6f, 0x72, 0x6d, 0x61, 0x6c,
  0x69, 0x7a, 0x61, 0x74, 0x69, 0x6f, 0x6e, 0x5f, 0x36, 0x38, 0x31, 0x5f,
  0x31, 0x2f, 0x62, 0x61, 0x74, 0x63, 0x68, 0x6e, 0x6f, 0x72, 0x6d, 0x2f,
  0x73, 0x75, 0x62, 0x3b, 0x66, 0x75, 0x6e, 0x63, 0x74, 0x69, 0x6f, 0x6e,
  0x61, 0x6c, 0x5f, 0x32, 0x39, 0x35, 0x5f, 0x31, 0x2f, 0x63, 0x6f, 0x6e,
  0x76, 0x31, 0x64, 0x5f, 0x33, 0x36, 0x30, 0x5f, 0x31, 0x2f, 0x63, 0x6f,
  0x6e, 0x76, 0x6f, 0x6c, 0x75, 0x74, 0x69, 0x6f, 0x6e, 0x00, 0x00, 0x00,
  0x04, 0x00, 0x00, 0x00, 0x01, 0x00, 0x00, 0x00, 0x01, 0x00, 0x00, 0x00,
  0x20, 0x00, 0x00, 0x00, 0x18, 0x00, 0x00, 0x00, 0x16, 0xe1, 0xff, 0xff,
  0x00, 0x00, 0x00, 0x01, 0x18, 0x00, 0x00, 0x00, 0x28, 0x00, 0x00, 0x00,
  0x44, 0x00, 0x00, 0x00, 0x1c, 0x00, 0x00, 0x00, 0x00, 0x00, 0x00, 0x09,
  0x74, 0x00, 0x00, 0x00, 0x04, 0x00, 0x00, 0x00, 0xff, 0xff, 0xff, 0xff,
  0x01, 0x00, 0x00, 0x00, 0x40, 0x00, 0x00, 0x00, 0x08, 0x00, 0x00, 0x00,
  0x04, 0xe1, 0xff, 0xff, 0x08, 0x00, 0x00, 0x00, 0x10, 0x00, 0x00, 0x00,
  0x01, 0x00, 0x00, 0x00, 0x80, 0xff, 0xff, 0xff, 0xff, 0xff, 0xff, 0xff,
  0x01, 0x00, 0x00, 0x00, 0x9b, 0xdc, 0x94, 0x3c, 0x34, 0x00, 0x00, 0x00,
  0x66, 0x75, 0x6e, 0x63, 0x74, 0x69, 0x6f, 0x6e, 0x61, 0x6c, 0x5f, 0x32,
  0x39, 0x35, 0x5f, 0x31, 0x2f, 0x63, 0x6f, 0x6e, 0x76, 0x31, 0x64, 0x5f,
  0x33, 0x36, 0x30, 0x5f, 0x31, 0x2f, 0x63, 0x6f, 0x6e, 0x76, 0x6f, 0x6c,
  0x75, 0x74, 0x69, 0x6f, 0x6e, 0x2f, 0x45, 0x78, 0x70, 0x61, 0x6e, 0x64,
  0x44, 0x69, 0x6d, 0x73, 0x00, 0x00, 0x00, 0x00, 0x04, 0x00, 0x00, 0x00,
  0x01, 0x00, 0x00, 0x00, 0x01, 0x00, 0x00, 0x00, 0x40, 0x00, 0x00, 0x00,
  0x08, 0x00, 0x00, 0x00, 0xba, 0xe1, 0xff, 0xff, 0x00, 0x00, 0x00, 0x01,
  0x18, 0x00, 0x00, 0x00, 0x24, 0x00, 0x00, 0x00, 0x44, 0x00, 0x00, 0x00,
  0x1b, 0x00, 0x00, 0x00, 0x00, 0x00, 0x00, 0x09, 0x78, 0x01, 0x00, 0x00,
  0x03, 0x00, 0x00, 0x00, 0xff, 0xff, 0xff, 0xff, 0x40, 0x00, 0x00, 0x00,
  0x08, 0x00, 0x00, 0x00, 0xa4, 0xe1, 0xff, 0xff, 0x08, 0x00, 0x00, 0x00,
  0x14, 0x00, 0x00, 0x00, 0x01, 0x00, 0x00, 0x00, 0x80, 0xff, 0xff, 0xff,
  0xff, 0xff, 0xff, 0xff, 0x00, 0x00, 0x00, 0x00, 0x01, 0x00, 0x00, 0x00,
  0x9b, 0xdc, 0x94, 0x3c, 0x3b, 0x01, 0x00, 0x00, 0x66, 0x75, 0x6e, 0x63,
  0x74, 0x69, 0x6f, 0x6e, 0x61, 0x6c, 0x5f, 0x32, 0x39, 0x35, 0x5f, 0x31,
  0x2f, 0x72, 0x65, 0x5f, 0x6c, 0x75, 0x5f, 0x36, 0x37, 0x36, 0x5f, 0x31,
  0x2f, 0x52, 0x65, 0x6c, 0x75, 0x3b, 0x66, 0x75, 0x6e, 0x63, 0x74, 0x69,
  0x6f, 0x6e, 0x61, 0x6c, 0x5f, 0x32, 0x39, 0x35, 0x5f, 0x31, 0x2f, 0x62,
  0x61, 0x74, 0x63, 0x68, 0x5f, 0x6e, 0x6f, 0x72, 0x6d, 0x61, 0x6c, 0x69,
  0x7a, 0x61, 0x74, 0x69, 0x6f, 0x6e, 0x5f, 0x36, 0x38, 0x30, 0x5f, 0x31,
  0x2f, 0x62, 0x61, 0x74, 0x63, 0x68, 0x6e, 0x6f, 0x72, 0x6d, 0x2f, 0x61,
  0x64, 0x64, 0x5f, 0x31, 0x3b, 0x66, 0x75, 0x6e, 0x63, 0x74, 0x69, 0x6f,
  0x6e, 0x61, 0x6c, 0x5f, 0x32, 0x39, 0x35, 0x5f, 0x31, 0x2f, 0x63, 0x6f,
  0x6e, 0x76, 0x31, 0x64, 0x5f, 0x33, 0x35, 0x39, 0x5f, 0x31, 0x2f, 0x63,
  0x6f, 0x6e, 0x76, 0x6f, 0x6c, 0x75, 0x74, 0x69, 0x6f, 0x6e, 0x2f, 0x53,
  0x71, 0x75, 0x65, 0x65, 0x7a, 0x65, 0x3b, 0x66, 0x75, 0x6e, 0x63, 0x74,
  0x69, 0x6f, 0x6e, 0x61, 0x6c, 0x5f, 0x32, 0x39, 0x35, 0x5f, 0x31, 0x2f,
  0x62, 0x61, 0x74, 0x63, 0x68, 0x5f, 0x6e, 0x6f, 0x72, 0x6d, 0x61, 0x6c,
  0x69, 0x7a, 0x61, 0x74, 0x69, 0x6f, 0x6e, 0x5f, 0x36, 0x38, 0x30, 0x5f,
  0x31, 0x2f, 0x62, 0x61, 0x74, 0x63, 0x68, 0x6e, 0x6f, 0x72, 0x6d, 0x2f,
  0x6d, 0x75, 0x6c, 0x5f, 0x31, 0x3b, 0x66, 0x75, 0x6e, 0x63, 0x74, 0x69,
  0x6f, 0x6e, 0x61, 0x6c, 0x5f, 0x32, 0x39, 0x35, 0x5f, 0x31, 0x2f, 0x62,
  0x61, 0x74, 0x63, 0x68, 0x5f, 0x6e, 0x6f, 0x72, 0x6d, 0x61, 0x6c, 0x69,
  0x7a, 0x61, 0x74, 0x69, 0x6f, 0x6e, 0x5f, 0x36, 0x38, 0x30, 0x5f, 0x31,
  0x2f, 0x62, 0x61, 0x74, 0x63, 0x68, 0x6e, 0x6f, 0x72, 0x6d, 0x2f, 0x6d,
  0x75, 0x6c, 0x3b, 0x66, 0x75, 0x6e, 0x63, 0x74, 0x69, 0x6f, 0x6e, 0x61,
  0x6c, 0x5f, 0x32, 0x39, 0x35, 0x5f, 0x31, 0x2f, 0x62, 0x61, 0x74, 0x63,
  0x68, 0x5f, 0x6e, 0x6f, 0x72, 0x6d, 0x61, 0x6c, 0x69, 0x7a, 0x61, 0x74,
  0x69, 0x6f, 0x6e, 0x5f, 0x36, 0x38, 0x30, 0x5f, 0x31, 0x2f, 0x62, 0x61,
  0x74, 0x63, 0x68, 0x6e, 0x6f, 0x72, 0x6d, 0x2f, 0x73, 0x75, 0x62, 0x00,
  0x03, 0x00, 0x00, 0x00, 0x01, 0x00, 0x00, 0x00, 0x40, 0x00, 0x00, 0x00,
  0x08, 0x00, 0x00, 0x00, 0x5e, 0xe3, 0xff, 0xff, 0x00, 0x00, 0x00, 0x01,
  0x18, 0x00, 0x00, 0x00, 0x28, 0x00, 0x00, 0x00, 0x48, 0x00, 0x00, 0x00,
  0x1a, 0x00, 0x00, 0x00, 0x00, 0x00, 0x00, 0x09, 0xa8, 0x01, 0x00, 0x00,
  0x04, 0x00, 0x00, 0x00, 0xff, 0xff, 0xff, 0xff, 0x01, 0x00, 0x00, 0x00,
  0x40, 0x00, 0x00, 0x00, 0x08, 0x00, 0x00, 0x00, 0x4c, 0xe3, 0xff, 0xff,
  0x08, 0x00, 0x00, 0x00, 0x14, 0x00, 0x00, 0x00, 0x01, 0x00, 0x00, 0x00,
  0x80, 0xff, 0xff, 0xff, 0xff, 0xff, 0xff, 0xff, 0x00, 0x00, 0x00, 0x00,
  0x01, 0x00, 0x00, 0x00, 0x9b, 0xdc, 0x94, 0x3c, 0x65, 0x01, 0x00, 0x00,
  0x66, 0x75, 0x6e, 0x63, 0x74, 0x69, 0x6f, 0x6e, 0x61, 0x6c, 0x5f, 0x32,
  0x39, 0x35, 0x5f, 0x31, 0x2f, 0x72, 0x65, 0x5f, 0x6c, 0x75, 0x5f, 0x36,
  0x37, 0x36, 0x5f, 0x31, 0x2f, 0x52, 0x65, 0x6c, 0x75, 0x3b, 0x66, 0x75,
  0x6e, 0x63, 0x74, 0x69, 0x6f, 0x6e, 0x61, 0x6c, 0x5f, 0x32, 0x39, 0x35,
  0x5f, 0x31, 0x2f, 0x62, 0x61, 0x74, 0x63, 0x68, 0x5f, 0x6e, 0x6f, 0x72,
  0x6d, 0x61, 0x6c, 0x69, 0x7a, 0x61, 0x74, 0x69, 0x6f, 0x6e, 0x5f, 0x36,
  0x38, 0x30, 0x5f, 0x31, 0x2f, 0x62, 0x61, 0x74, 0x63, 0x68, 0x6e, 0x6f,
  0x72, 0x6d, 0x2f, 0x61, 0x64, 0x64, 0x5f, 0x31, 0x3b, 0x66, 0x75, 0x6e,
  0x63, 0x74, 0x69, 0x6f, 0x6e, 0x61, 0x6c, 0x5f, 0x32, 0x39, 0x35, 0x5f,
  0x31, 0x2f, 0x63, 0x6f, 0x6e, 0x76, 0x31, 0x64, 0x5f, 0x33, 0x35, 0x39,
  0x5f, 0x31, 0x2f, 0x63, 0x6f, 0x6e, 0x76, 0x6f, 0x6c, 0x75, 0x74, 0x69,
  0x6f, 0x6e, 0x2f, 0x53, 0x71, 0x75, 0x65, 0x65, 0x7a, 0x65, 0x3b, 0x66,
  0x75, 0x6e, 0x63, 0x74, 0x69, 0x6f, 0x6e, 0x61, 0x6c, 0x5f, 0x32, 0x39,
  0x35, 0x5f, 0x31, 0x2f, 0x62, 0x61, 0x74, 0x63, 0x68, 0x5f, 0x6e, 0x6f,
  0x72, 0x6d, 0x61, 0x6c, 0x69, 0x7a, 0x61, 0x74, 0x69, 0x6f, 0x6e, 0x5f,
  0x36, 0x38, 0x30, 0x5f, 0x31, 0x2f, 0x62, 0x61, 0x74, 0x63, 0x68, 0x6e,
  0x6f, 0x72, 0x6d, 0x2f, 0x6d, 0x75, 0x6c, 0x5f, 0x31, 0x3b, 0x66, 0x75,
  0x6e, 0x63, 0x74, 0x69, 0x6f, 0x6e, 0x61, 0x6c, 0x5f, 0x32, 0x39, 0x35,
  0x5f, 0x31, 0x2f, 0x62, 0x61, 0x74, 0x63, 0x68, 0x5f, 0x6e, 0x6f, 0x72,
  0x6d, 0x61, 0x6c, 0x69, 0x7a, 0x61, 0x74, 0x69, 0x6f, 0x6e, 0x5f, 0x36,
  0x38, 0x30, 0x5f, 0x31, 0x2f, 0x62, 0x61, 0x74, 0x63, 0x68, 0x6e, 0x6f,
  0x72, 0x6d, 0x2f, 0x6d, 0x75, 0x6c, 0x3b, 0x66, 0x75, 0x6e, 0x63, 0x74,
  0x69, 0x6f, 0x6e, 0x61, 0x6c, 0x5f, 0x32, 0x39, 0x35, 0x5f, 0x31, 0x2f,
  0x62, 0x61, 0x74, 0x63, 0x68, 0x5f, 0x6e, 0x6f, 0x72, 0x6d, 0x61, 0x6c,
  0x69, 0x7a, 0x61, 0x74, 0x69, 0x6f, 0x6e, 0x5f, 0x36, 0x38, 0x30, 0x5f,
  0x31, 0x2f, 0x62, 0x61, 0x74, 0x63, 0x68, 0x6e, 0x6f, 0x72, 0x6d, 0x2f,
  0x73, 0x75, 0x62, 0x3b, 0x66, 0x75, 0x6e, 0x63, 0x74, 0x69, 0x6f, 0x6e,
  0x61, 0x6c, 0x5f, 0x32, 0x39, 0x35, 0x5f, 0x31, 0x2f, 0x63, 0x6f, 0x6e,
  0x76, 0x31, 0x64, 0x5f, 0x33, 0x35, 0x39, 0x5f, 0x31, 0x2f, 0x63, 0x6f,
  0x6e, 0x76, 0x6f, 0x6c, 0x75, 0x74, 0x69, 0x6f, 0x6e, 0x00, 0x00, 0x00,
  0x04, 0x00, 0x00, 0x00, 0x01, 0x00, 0x00, 0x00, 0x01, 0x00, 0x00, 0x00,
  0x40, 0x00, 0x00, 0x00, 0x08, 0x00, 0x00, 0x00, 0x36, 0xe5, 0xff, 0xff,
  0x00, 0x00, 0x00, 0x01, 0x18, 0x00, 0x00, 0x00, 0x28, 0x00, 0x00, 0x00,
  0x44, 0x00, 0x00, 0x00, 0x19, 0x00, 0x00, 0x00, 0x00, 0x00, 0x00, 0x09,
  0x74, 0x00, 0x00, 0x00, 0x04, 0x00, 0x00, 0x00, 0xff, 0xff, 0xff, 0xff,
  0x01, 0x00, 0x00, 0x00, 0x80, 0x00, 0x00, 0x00, 0x40, 0x00, 0x00, 0x00,
  0x24, 0xe5, 0xff, 0xff, 0x08, 0x00, 0x00, 0x00, 0x10, 0x00, 0x00, 0x00,
  0x01, 0x00, 0x00, 0x00, 0x80, 0xff, 0xff, 0xff, 0xff, 0xff, 0xff, 0xff,
  0x01, 0x00, 0x00, 0x00, 0xa4, 0xf3, 0x21, 0x3d, 0x34, 0x00, 0x00, 0x00,
  0x66, 0x75, 0x6e, 0x63, 0x74, 0x69, 0x6f, 0x6e, 0x61, 0x6c, 0x5f, 0x32,
  0x39, 0x35, 0x5f, 0x31, 0x2f, 0x63, 0x6f, 0x6e, 0x76, 0x31, 0x64, 0x5f,
  0x33, 0x35, 0x39, 0x5f, 0x31, 0x2f, 0x63, 0x6f, 0x6e, 0x76, 0x6f, 0x6c,
  0x75, 0x74, 0x69, 0x6f, 0x6e, 0x2f, 0x45, 0x78, 0x70, 0x61, 0x6e, 0x64,
  0x44, 0x69, 0x6d, 0x73, 0x00, 0x00, 0x00, 0x00, 0x04, 0x00, 0x00, 0x00,
  0x01, 0x00, 0x00, 0x00, 0x01, 0x00, 0x00, 0x00, 0x80, 0x00, 0x00, 0x00,
  0x40, 0x00, 0x00, 0x00, 0xda, 0xe5, 0xff, 0xff, 0x00, 0x00, 0x00, 0x01,
  0x18, 0x00, 0x00, 0x00, 0x24, 0x00, 0x00, 0x00, 0x44, 0x00, 0x00, 0x00,
  0x18, 0x00, 0x00, 0x00, 0x00, 0x00, 0x00, 0x09, 0x78, 0x01, 0x00, 0x00,
  0x03, 0x00, 0x00, 0x00, 0xff, 0xff, 0xff, 0xff, 0x80, 0x00, 0x00, 0x00,
  0x40, 0x00, 0x00, 0x00, 0xc4, 0xe5, 0xff, 0xff, 0x08, 0x00, 0x00, 0x00,
  0x14, 0x00, 0x00, 0x00, 0x01, 0x00, 0x00, 0x00, 0x80, 0xff, 0xff, 0xff,
  0xff, 0xff, 0xff, 0xff, 0x00, 0x00, 0x00, 0x00, 0x01, 0x00, 0x00, 0x00,
  0xa4, 0xf3, 0x21, 0x3d, 0x3b, 0x01, 0x00, 0x00, 0x66, 0x75, 0x6e, 0x63,
  0x74, 0x69, 0x6f, 0x6e, 0x61, 0x6c, 0x5f, 0x32, 0x39, 0x35, 0x5f, 0x31,
  0x2f, 0x72, 0x65, 0x5f, 0x6c, 0x75, 0x5f, 0x36, 0x37, 0x35, 0x5f, 0x31,
  0x2f, 0x52, 0x65, 0x6c, 0x75, 0x3b, 0x66, 0x75, 0x6e, 0x63, 0x74, 0x69,
  0x6f, 0x6e, 0x61, 0x6c, 0x5f, 0x32, 0x39, 0x35, 0x5f, 0x31, 0x2f, 0x62,
  0x61, 0x74, 0x63, 0x68, 0x5f, 0x6e, 0x6f, 0x72, 0x6d, 0x61, 0x6c, 0x69,
  0x7a, 0x61, 0x74, 0x69, 0x6f, 0x6e, 0x5f, 0x36, 0x37, 0x39, 0x5f, 0x31,
  0x2f, 0x62, 0x61, 0x74, 0x63, 0x68, 0x6e, 0x6f, 0x72, 0x6d, 0x2f, 0x61,
  0x64, 0x64, 0x5f, 0x31, 0x3b, 0x66, 0x75, 0x6e, 0x63, 0x74, 0x69, 0x6f,
  0x6e, 0x61, 0x6c, 0x5f, 0x32, 0x39, 0x35, 0x5f, 0x31, 0x2f, 0x63, 0x6f,
  0x6e, 0x76, 0x31, 0x64, 0x5f, 0x33, 0x35, 0x38, 0x5f, 0x31, 0x2f, 0x63,
  0x6f, 0x6e, 0x76, 0x6f, 0x6c, 0x75, 0x74, 0x69, 0x6f, 0x6e, 0x2f, 0x53,
  0x71, 0x75, 0x65, 0x65, 0x7a, 0x65, 0x3b, 0x66, 0x75, 0x6e, 0x63, 0x74,
  0x69, 0x6f, 0x6e, 0x61, 0x6c, 0x5f, 0x32, 0x39, 0x35, 0x5f, 0x31, 0x2f,
  0x62, 0x61, 0x74, 0x63, 0x68, 0x5f, 0x6e, 0x6f, 0x72, 0x6d, 0x61, 0x6c,
  0x69, 0x7a, 0x61, 0x74, 0x69, 0x6f, 0x6e, 0x5f, 0x36, 0x37, 0x39, 0x5f,
  0x31, 0x2f, 0x62, 0x61, 0x74, 0x63, 0x68, 0x6e, 0x6f, 0x72, 0x6d, 0x2f,
  0x6d, 0x75, 0x6c, 0x5f, 0x31, 0x3b, 0x66, 0x75, 0x6e, 0x63, 0x74, 0x69,
  0x6f, 0x6e, 0x61, 0x6c, 0x5f, 0x32, 0x39, 0x35, 0x5f, 0x31, 0x2f, 0x62,
  0x61, 0x74, 0x63, 0x68, 0x5f, 0x6e, 0x6f, 0x72, 0x6d, 0x61, 0x6c, 0x69,
  0x7a, 0x61, 0x74, 0x69, 0x6f, 0x6e, 0x5f, 0x36, 0x37, 0x39, 0x5f, 0x31,
  0x2f, 0x62, 0x61, 0x74, 0x63, 0x68, 0x6e, 0x6f, 0x72, 0x6d, 0x2f, 0x6d,
  0x75, 0x6c, 0x3b, 0x66, 0x75, 0x6e, 0x63, 0x74, 0x69, 0x6f, 0x6e, 0x61,
  0x6c, 0x5f, 0x32, 0x39, 0x35, 0x5f, 0x31, 0x2f, 0x62, 0x61, 0x74, 0x63,
  0x68, 0x5f, 0x6e, 0x6f, 0x72, 0x6d, 0x61, 0x6c, 0x69, 0x7a, 0x61, 0x74,
  0x69, 0x6f, 0x6e, 0x5f, 0x36, 0x37, 0x39, 0x5f, 0x31, 0x2f, 0x62, 0x61,
  0x74, 0x63, 0x68, 0x6e, 0x6f, 0x72, 0x6d, 0x2f, 0x73, 0x75, 0x62, 0x00,
  0x03, 0x00, 0x00, 0x00, 0x01, 0x00, 0x00, 0x00, 0x80, 0x00, 0x00, 0x00,
  0x40, 0x00, 0x00, 0x00, 0x7e, 0xe7, 0xff, 0xff, 0x00, 0x00, 0x00, 0x01,
  0x18, 0x00, 0x00, 0x00, 0x28, 0x00, 0x00, 0x00, 0x48, 0x00, 0x00, 0x00,
  0x17, 0x00, 0x00, 0x00, 0x00, 0x00, 0x00, 0x09, 0xa8, 0x01, 0x00, 0x00,
  0x04, 0x00, 0x00, 0x00, 0xff, 0xff, 0xff, 0xff, 0x01, 0x00, 0x00, 0x00,
  0x80, 0x00, 0x00, 0x00, 0x40, 0x00, 0x00, 0x00, 0x6c, 0xe7, 0xff, 0xff,
  0x08, 0x00, 0x00, 0x00, 0x14, 0x00, 0x00, 0x00, 0x01, 0x00, 0x00, 0x00,
  0x80, 0xff, 0xff, 0xff, 0xff, 0xff, 0xff, 0xff, 0x00, 0x00, 0x00, 0x00,
  0x01, 0x00, 0x00, 0x00, 0xa4, 0xf3, 0x21, 0x3d, 0x65, 0x01, 0x00, 0x00,
  0x66, 0x75, 0x6e, 0x63, 0x74, 0x69, 0x6f, 0x6e, 0x61, 0x6c, 0x5f, 0x32,
  0x39, 0x35, 0x5f, 0x31, 0x2f, 0x72, 0x65, 0x5f, 0x6c, 0x75, 0x5f, 0x36,
  0x37, 0x35, 0x5f, 0x31, 0x2f, 0x52, 0x65, 0x6c, 0x75, 0x3b, 0x66, 0x75,
  0x6e, 0x63, 0x74, 0x69, 0x6f, 0x6e, 0x61, 0x6c, 0x5f, 0x32, 0x39, 0x35,
  0x5f, 0x31, 0x2f, 0x62, 0x61, 0x74, 0x63, 0x68, 0x5f, 0x6e, 0x6f, 0x72,
  0x6d, 0x61, 0x6c, 0x69, 0x7a, 0x61, 0x74, 0x69, 0x6f, 0x6e, 0x5f, 0x36,
  0x37, 0x39, 0x5f, 0x31, 0x2f, 0x62, 0x61, 0x74, 0x63, 0x68, 0x6e, 0x6f,
  0x72, 0x6d, 0x2f, 0x61, 0x64, 0x64, 0x5f, 0x31, 0x3b, 0x66, 0x75, 0x6e,
  0x63, 0x74, 0x69, 0x6f, 0x6e, 0x61, 0x6c, 0x5f, 0x32, 0x39, 0x35, 0x5f,
  0x31, 0x2f, 0x63, 0x6f, 0x6e, 0x76, 0x31, 0x64, 0x5f, 0x33, 0x35, 0x38,
  0x5f, 0x31, 0x2f, 0x63, 0x6f, 0x6e, 0x76, 0x6f, 0x6c, 0x75, 0x74, 0x69,
  0x6f, 0x6e, 0x2f, 0x53, 0x71, 0x75, 0x65, 0x65, 0x7a, 0x65, 0x3b, 0x66,
  0x75, 0x6e, 0x63, 0x74, 0x69, 0x6f, 0x6e, 0x61, 0x6c, 0x5f, 0x32, 0x39,
  0x35, 0x5f, 0x31, 0x2f, 0x62, 0x61, 0x74, 0x63, 0x68, 0x5f, 0x6e, 0x6f,
  0x72, 0x6d, 0x61, 0x6c, 0x69, 0x7a, 0x61, 0x74, 0x69, 0x6f, 0x6e, 0x5f,
  0x36, 0x37, 0x39, 0x5f, 0x31, 0x2f, 0x62, 0x61, 0x74, 0x63, 0x68, 0x6e,
  0x6f, 0x72, 0x6d, 0x2f, 0x6d, 0x75, 0x6c, 0x5f, 0x31, 0x3b, 0x66, 0x75,
  0x6e, 0x63, 0x74, 0x69, 0x6f, 0x6e, 0x61, 0x6c, 0x5f, 0x32, 0x39, 0x35,
  0x5f, 0x31, 0x2f, 0x62, 0x61, 0x74, 0x63, 0x68, 0x5f, 0x6e, 0x6f, 0x72,
  0x6d, 0x61, 0x6c, 0x69, 0x7a, 0x61, 0x74, 0x69, 0x6f, 0x6e, 0x5f, 0x36,
  0x37, 0x39, 0x5f, 0x31, 0x2f, 0x62, 0x61, 0x74, 0x63, 0x68, 0x6e, 0x6f,
  0x72, 0x6d, 0x2f, 0x6d, 0x75, 0x6c, 0x3b, 0x66, 0x75, 0x6e, 0x63, 0x74,
  0x69, 0x6f, 0x6e, 0x61, 0x6c, 0x5f, 0x32, 0x39, 0x35, 0x5f, 0x31, 0x2f,
  0x62, 0x61, 0x74, 0x63, 0x68, 0x5f, 0x6e, 0x6f, 0x72, 0x6d, 0x61, 0x6c,
  0x69, 0x7a, 0x61, 0x74, 0x69, 0x6f, 0x6e, 0x5f, 0x36, 0x37, 0x39, 0x5f,
  0x31, 0x2f, 0x62, 0x61, 0x74, 0x63, 0x68, 0x6e, 0x6f, 0x72, 0x6d, 0x2f,
  0x73, 0x75, 0x62, 0x3b, 0x66, 0x75, 0x6e, 0x63, 0x74, 0x69, 0x6f, 0x6e,
  0x61, 0x6c, 0x5f, 0x32, 0x39, 0x35, 0x5f, 0x31, 0x2f, 0x63, 0x6f, 0x6e,
  0x76, 0x31, 0x64, 0x5f, 0x33, 0x35, 0x38, 0x5f, 0x31, 0x2f, 0x63, 0x6f,
  0x6e, 0x76, 0x6f, 0x6c, 0x75, 0x74, 0x69, 0x6f, 0x6e, 0x00, 0x00, 0x00,
  0x04, 0x00, 0x00, 0x00, 0x01, 0x00, 0x00, 0x00, 0x01, 0x00, 0x00, 0x00,
  0x80, 0x00, 0x00, 0x00, 0x40, 0x00, 0x00, 0x00, 0x56, 0xe9, 0xff, 0xff,
  0x00, 0x00, 0x00, 0x01, 0x18, 0x00, 0x00, 0x00, 0x28, 0x00, 0x00, 0x00,
  0x48, 0x00, 0x00, 0x00, 0x16, 0x00, 0x00, 0x00, 0x00, 0x00, 0x00, 0x09,
  0x78, 0x00, 0x00, 0x00, 0x04, 0x00, 0x00, 0x00, 0xff, 0xff, 0xff, 0xff,
  0x01, 0x00, 0x00, 0x00, 0x80, 0x00, 0x00, 0x00, 0x06, 0x00, 0x00, 0x00,
  0x44, 0xe9, 0xff, 0xff, 0x08, 0x00, 0x00, 0x00, 0x14, 0x00, 0x00, 0x00,
  0x01, 0x00, 0x00, 0x00, 0x1d, 0x00, 0x00, 0x00, 0x00, 0x00, 0x00, 0x00,
  0x00, 0x00, 0x00, 0x00, 0x01, 0x00, 0x00, 0x00, 0x44, 0x76, 0x61, 0x3d,
  0x34, 0x00, 0x00, 0x00, 0x66, 0x75, 0x6e, 0x63, 0x74, 0x69, 0x6f, 0x6e,
  0x61, 0x6c, 0x5f, 0x32, 0x39, 0x35, 0x5f, 0x31, 0x2f, 0x63, 0x6f, 0x6e,
  0x76, 0x31, 0x64, 0x5f, 0x33, 0x35, 0x38, 0x5f, 0x31, 0x2f, 0x63, 0x6f,
  0x6e, 0x76, 0x6f, 0x6c, 0x75, 0x74, 0x69, 0x6f, 0x6e, 0x2f, 0x45, 0x78,
  0x70, 0x61, 0x6e, 0x64, 0x44, 0x69, 0x6d, 0x73, 0x00, 0x00, 0x00, 0x00,
  0x04, 0x00, 0x00, 0x00, 0x01, 0x00, 0x00, 0x00, 0x01, 0x00, 0x00, 0x00,
  0x80, 0x00, 0x00, 0x00, 0x06, 0x00, 0x00, 0x00, 0x52, 0xea, 0xff, 0xff,
  0x00, 0x00, 0x00, 0x01, 0x14, 0x00, 0x00, 0x00, 0x28, 0x03, 0x00, 0x00,
  0x15, 0x00, 0x00, 0x00, 0x00, 0x00, 0x00, 0x09, 0x34, 0x03, 0x00, 0x00,
  0xd4, 0xe9, 0xff, 0xff, 0x08, 0x00, 0x00, 0x00, 0x0c, 0x02, 0x00, 0x00,
  0x40, 0x00, 0x00, 0x00, 0x00, 0x00, 0x00, 0x00, 0x00, 0x00, 0x00, 0x00,
  0x00, 0x00, 0x00, 0x00, 0x00, 0x00, 0x00, 0x00, 0x00, 0x00, 0x00, 0x00,
  0x00, 0x00, 0x00, 0x00, 0x00, 0x00, 0x00, 0x00, 0x00, 0x00, 0x00, 0x00,
  0x00, 0x00, 0x00, 0x00, 0x00, 0x00, 0x00, 0x00, 0x00, 0x00, 0x00, 0x00,
  0x00, 0x00, 0x00, 0x00, 0x00, 0x00, 0x00, 0x00, 0x00, 0x00, 0x00, 0x00,
  0x00, 0x00, 0x00, 0x00, 0x00, 0x00, 0x00, 0x00, 0x00, 0x00, 0x00, 0x00,
  0x00, 0x00, 0x00, 0x00, 0x00, 0x00, 0x00, 0x00, 0x00, 0x00, 0x00, 0x00,
  0x00, 0x00, 0x00, 0x00, 0x00, 0x00, 0x00, 0x00, 0x00, 0x00, 0x00, 0x00,
  0x00, 0x00, 0x00, 0x00, 0x00, 0x00, 0x00, 0x00, 0x00, 0x00, 0x00, 0x00,
  0x00, 0x00, 0x00, 0x00, 0x00, 0x00, 0x00, 0x00, 0x00, 0x00, 0x00, 0x00,
  0x00, 0x00, 0x00, 0x00, 0x00, 0x00, 0x00, 0x00, 0x00, 0x00, 0x00, 0x00,
  0x00, 0x00, 0x00, 0x00, 0x00, 0x00, 0x00, 0x00, 0x00, 0x00, 0x00, 0x00,
  0x00, 0x00, 0x00, 0x00, 0x00, 0x00, 0x00, 0x00, 0x00, 0x00, 0x00, 0x00,
  0x00, 0x00, 0x00, 0x00, 0x00, 0x00, 0x00, 0x00, 0x00, 0x00, 0x00, 0x00,
  0x00, 0x00, 0x00, 0x00, 0x00, 0x00, 0x00, 0x00, 0x00, 0x00, 0x00, 0x00,
  0x00, 0x00, 0x00, 0x00, 0x00, 0x00, 0x00, 0x00, 0x00, 0x00, 0x00, 0x00,
  0x00, 0x00, 0x00, 0x00, 0x00, 0x00, 0x00, 0x00, 0x00, 0x00, 0x00, 0x00,
  0x00, 0x00, 0x00, 0x00, 0x00, 0x00, 0x00, 0x00, 0x00, 0x00, 0x00, 0x00,
  0x00, 0x00, 0x00, 0x00, 0x00, 0x00, 0x00, 0x00, 0x00, 0x00, 0x00, 0x00,
  0x00, 0x00, 0x00, 0x00, 0x00, 0x00, 0x00, 0x00, 0x00, 0x00, 0x00, 0x00,
  0x00, 0x00, 0x00, 0x00, 0x00, 0x00, 0x00, 0x00, 0x00, 0x00, 0x00, 0x00,
  0x00, 0x00, 0x00, 0x00, 0x00, 0x00, 0x00, 0x00, 0x00, 0x00, 0x00, 0x00,
  0x00, 0x00, 0x00, 0x00, 0x00, 0x00, 0x00, 0x00, 0x00, 0x00, 0x00, 0x00,
  0x00, 0x00, 0x00, 0x00, 0x00, 0x00, 0x00, 0x00, 0x00, 0x00, 0x00, 0x00,
  0x00, 0x00, 0x00, 0x00, 0x00, 0x00, 0x00, 0x00, 0x00, 0x00, 0x00, 0x00,
  0x00, 0x00, 0x00, 0x00, 0x00, 0x00, 0x00, 0x00, 0x00, 0x00, 0x00, 0x00,
  0x00, 0x00, 0x00, 0x00, 0x00, 0x00, 0x00, 0x00, 0x00, 0x00, 0x00, 0x00,
  0x00, 0x00, 0x00, 0x00, 0x00, 0x00, 0x00, 0x00, 0x00, 0x00, 0x00, 0x00,
  0x00, 0x00, 0x00, 0x00, 0x00, 0x00, 0x00, 0x00, 0x00, 0x00, 0x00, 0x00,
  0x00, 0x00, 0x00, 0x00, 0x00, 0x00, 0x00, 0x00, 0x00, 0x00, 0x00, 0x00,
  0x00, 0x00, 0x00, 0x00, 0x00, 0x00, 0x00, 0x00, 0x00, 0x00, 0x00, 0x00,
  0x00, 0x00, 0x00, 0x00, 0x00, 0x00, 0x00, 0x00, 0x00, 0x00, 0x00, 0x00,
  0x00, 0x00, 0x00, 0x00, 0x00, 0x00, 0x00, 0x00, 0x00, 0x00, 0x00, 0x00,
  0x00, 0x00, 0x00, 0x00, 0x00, 0x00, 0x00, 0x00, 0x00, 0x00, 0x00, 0x00,
  0x00, 0x00, 0x00, 0x00, 0x00, 0x00, 0x00, 0x00, 0x00, 0x00, 0x00, 0x00,
  0x00, 0x00, 0x00, 0x00, 0x00, 0x00, 0x00, 0x00, 0x00, 0x00, 0x00, 0x00,
  0x00, 0x00, 0x00, 0x00, 0x00, 0x00, 0x00, 0x00, 0x00, 0x00, 0x00, 0x00,
  0x00, 0x00, 0x00, 0x00, 0x00, 0x00, 0x00, 0x00, 0x00, 0x00, 0x00, 0x00,
  0x00, 0x00, 0x00, 0x00, 0x00, 0x00, 0x00, 0x00, 0x00, 0x00, 0x00, 0x00,
  0x00, 0x00, 0x00, 0x00, 0x00, 0x00, 0x00, 0x00, 0x00, 0x00, 0x00, 0x00,
  0x00, 0x00, 0x00, 0x00, 0x00, 0x00, 0x00, 0x00, 0x00, 0x00, 0x00, 0x00,
  0x00, 0x00, 0x00, 0x00, 0x00, 0x00, 0x00, 0x00, 0x00, 0x00, 0x00, 0x00,
  0x00, 0x00, 0x00, 0x00, 0x00, 0x00, 0x00, 0x00, 0x00, 0x00, 0x00, 0x00,
  0x00, 0x00, 0x00, 0x00, 0x40, 0x00, 0x00, 0x00, 0x30, 0xf1, 0xf1, 0x3a,
  0x0c, 0x9b, 0x0d, 0x3b, 0xd1, 0x38, 0xc8, 0x3a, 0xea, 0xe0, 0xad, 0x3a,
  0xa7, 0xed, 0xd4, 0x3a, 0x49, 0xd7, 0xe7, 0x3a, 0xad, 0x9d, 0xe9, 0x3a,
  0x99, 0xb5, 0x20, 0x3b, 0xe9, 0x37, 0x4a, 0x3b, 0xfd, 0x4d, 0x30, 0x3b,
  0xa7, 0x4f, 0x07, 0x3b, 0xff, 0x08, 0x43, 0x3b, 0xa8, 0xb1, 0xd9, 0x3a,
  0x8c, 0xfd, 0xfa, 0x3a, 0x6a, 0x6d, 0xac, 0x3b, 0xf5, 0xbb, 0x0c, 0x3b,
  0x38, 0x7f, 0xb6, 0x3a, 0x3d, 0x43, 0x8f, 0x3b, 0x9b, 0x5b, 0x08, 0x3b,
  0x49, 0x92, 0xfa, 0x3a, 0x61, 0x5f, 0xd1, 0x3a, 0xe8, 0xc5, 0x0e, 0x3b,
  0x36, 0xf1, 0x6e, 0x3b, 0x12, 0xff, 0x41, 0x3b, 0xa3, 0x6f, 0xf0, 0x3a,
  0x66, 0x5e, 0x30, 0x3b, 0x6d, 0x64, 0xd9, 0x3a, 0x56, 0xa9, 0xe8, 0x3a,
  0xe3, 0x80, 0x03, 0x3b, 0x02, 0xfb, 0x21, 0x3b, 0x4f, 0x64, 0x9a, 0x3b,
  0x0e, 0xdf, 0x04, 0x3b, 0x3e, 0x74, 0xca, 0x3a, 0xe3, 0xba, 0x2f, 0x3b,
  0x7f, 0xe3, 0xac, 0x3a, 0xf1, 0x7f, 0x61, 0x3b, 0xf2, 0xa3, 0x92, 0x3a,
  0x3e, 0xf8, 0xd3, 0x3a, 0xa3, 0x2e, 0xd7, 0x3a, 0xd1, 0x40, 0xe8, 0x3a,
  0x70, 0xa6, 0x1a, 0x3b, 0xf2, 0xff, 0xd0, 0x3a, 0x27, 0x7d, 0x78, 0x3b,
  0x88, 0x49, 0x29, 0x3b, 0xc9, 0x45, 0xfd, 0x3a, 0xcd, 0xde, 0x3a, 0x3b,
  0xfd, 0x1b, 0x49, 0x3b, 0x0d, 0x5e, 0xe8, 0x3a, 0xad, 0xb1, 0xde, 0x3a,
  0xef, 0xb0, 0xba, 0x3a, 0x7b, 0x4c, 0x10, 0x3b, 0x4f, 0xdc, 0x42, 0x3b,
  0x4c, 0xd7, 0x31, 0x3b, 0xe9, 0xf7, 0xc8, 0x3a, 0xe2, 0x1e, 0x78, 0x3b,
  0x39, 0x27, 0x67, 0x3b, 0x9e, 0xad, 0x32, 0x3b, 0x3d, 0x0c, 0x01, 0x3b,
  0xe5, 0x3e, 0x2b, 0x3b, 0x76, 0xa6, 0x2c, 0x3b, 0xf8, 0x7d, 0x21, 0x3b,
  0xb2, 0x91, 0xe2, 0x3a, 0x7f, 0x75, 0x17, 0x3b, 0x44, 0x30, 0xac, 0x3a,
  0x13, 0x00, 0x00, 0x00, 0x74, 0x66, 0x6c, 0x2e, 0x70, 0x73, 0x65, 0x75,
  0x64, 0x6f, 0x5f, 0x71, 0x63, 0x6f, 0x6e, 0x73, 0x74, 0x31, 0x33, 0x00,
  0x04, 0x00, 0x00, 0x00, 0x40, 0x00, 0x00, 0x00, 0x01, 0x00, 0x00, 0x00,
  0x07, 0x00, 0x00, 0x00, 0x06, 0x00, 0x00, 0x00, 0xb2, 0xed, 0xff, 0xff,
  0x00, 0x00, 0x00, 0x01, 0x14, 0x00, 0x00, 0x00, 0x24, 0x03, 0x00, 0x00,
  0x14, 0x00, 0x00, 0x00, 0x00, 0x00, 0x00, 0x02, 0x30, 0x03, 0x00, 0x00,
  0x34, 0xed, 0xff, 0xff, 0x08, 0x00, 0x00, 0x00, 0x08, 0x02, 0x00, 0x00,
  0x40, 0x00, 0x00, 0x00, 0x00, 0x00, 0x00, 0x00, 0x00, 0x00, 0x00, 0x00,
  0x00, 0x00, 0x00, 0x00, 0x00, 0x00, 0x00, 0x00, 0x00, 0x00, 0x00, 0x00,
  0x00, 0x00, 0x00, 0x00, 0x00, 0x00, 0x00, 0x00, 0x00, 0x00, 0x00, 0x00,
  0x00, 0x00, 0x00, 0x00, 0x00, 0x00, 0x00, 0x00, 0x00, 0x00, 0x00, 0x00,
  0x00, 0x00, 0x00, 0x00, 0x00, 0x00, 0x00, 0x00, 0x00, 0x00, 0x00, 0x00,
  0x00, 0x00, 0x00, 0x00, 0x00, 0x00, 0x00, 0x00, 0x00, 0x00, 0x00, 0x00,
  0x00, 0x00, 0x00, 0x00, 0x00, 0x00, 0x00, 0x00, 0x00, 0x00, 0x00, 0x00,
  0x00, 0x00, 0x00, 0x00, 0x00, 0x00, 0x00, 0x00, 0x00, 0x00, 0x00, 0x00,
  0x00, 0x00, 0x00, 0x00, 0x00, 0x00, 0x00, 0x00, 0x00, 0x00, 0x00, 0x00,
  0x00, 0x00, 0x00, 0x00, 0x00, 0x00, 0x00, 0x00, 0x00, 0x00, 0x00, 0x00,
  0x00, 0x00, 0x00, 0x00, 0x00, 0x00, 0x00, 0x00, 0x00, 0x00, 0x00, 0x00,
  0x00, 0x00, 0x00, 0x00, 0x00, 0x00, 0x00, 0x00, 0x00, 0x00, 0x00, 0x00,
  0x00, 0x00, 0x00, 0x00, 0x00, 0x00, 0x00, 0x00, 0x00, 0x00, 0x00, 0x00,
  0x00, 0x00, 0x00, 0x00, 0x00, 0x00, 0x00, 0x00, 0x00, 0x00, 0x00, 0x00,
  0x00, 0x00, 0x00, 0x00, 0x00, 0x00, 0x00, 0x00, 0x00, 0x00, 0x00, 0x00,
  0x00, 0x00, 0x00, 0x00, 0x00, 0x00, 0x00, 0x00, 0x00, 0x00, 0x00, 0x00,
  0x00, 0x00, 0x00, 0x00, 0x00, 0x00, 0x00, 0x00, 0x00, 0x00, 0x00, 0x00,
  0x00, 0x00, 0x00, 0x00, 0x00, 0x00, 0x00, 0x00, 0x00, 0x00, 0x00, 0x00,
  0x00, 0x00, 0x00, 0x00, 0x00, 0x00, 0x00, 0x00, 0x00, 0x00, 0x00, 0x00,
  0x00, 0x00, 0x00, 0x00, 0x00, 0x00, 0x00, 0x00, 0x00, 0x00, 0x00, 0x00,
  0x00, 0x00, 0x00, 0x00, 0x00, 0x00, 0x00, 0x00, 0x00, 0x00, 0x00, 0x00,
  0x00, 0x00, 0x00, 0x00, 0x00, 0x00, 0x00, 0x00, 0x00, 0x00, 0x00, 0x00,
  0x00, 0x00, 0x00, 0x00, 0x00, 0x00, 0x00, 0x00, 0x00, 0x00, 0x00, 0x00,
  0x00, 0x00, 0x00, 0x00, 0x00, 0x00, 0x00, 0x00, 0x00, 0x00, 0x00, 0x00,
  0x00, 0x00, 0x00, 0x00, 0x00, 0x00, 0x00, 0x00, 0x00, 0x00, 0x00, 0x00,
  0x00, 0x00, 0x00, 0x00, 0x00, 0x00, 0x00, 0x00, 0x00, 0x00, 0x00, 0x00,
  0x00, 0x00, 0x00, 0x00, 0x00, 0x00, 0x00, 0x00, 0x00, 0x00, 0x00, 0x00,
  0x00, 0x00, 0x00, 0x00, 0x00, 0x00, 0x00, 0x00, 0x00, 0x00, 0x00, 0x00,
  0x00, 0x00, 0x00, 0x00, 0x00, 0x00, 0x00, 0x00, 0x00, 0x00, 0x00, 0x00,
  0x00, 0x00, 0x00, 0x00, 0x00, 0x00, 0x00, 0x00, 0x00, 0x00, 0x00, 0x00,
  0x00, 0x00, 0x00, 0x00, 0x00, 0x00, 0x00, 0x00, 0x00, 0x00, 0x00, 0x00,
  0x00, 0x00, 0x00, 0x00, 0x00, 0x00, 0x00, 0x00, 0x00, 0x00, 0x00, 0x00,
  0x00, 0x00, 0x00, 0x00, 0x00, 0x00, 0x00, 0x00, 0x00, 0x00, 0x00, 0x00,
  0x00, 0x00, 0x00, 0x00, 0x00, 0x00, 0x00, 0x00, 0x00, 0x00, 0x00, 0x00,
  0x00, 0x00, 0x00, 0x00, 0x00, 0x00, 0x00, 0x00, 0x00, 0x00, 0x00, 0x00,
  0x00, 0x00, 0x00, 0x00, 0x00, 0x00, 0x00, 0x00, 0x00, 0x00, 0x00, 0x00,
  0x00, 0x00, 0x00, 0x00, 0x00, 0x00, 0x00, 0x00, 0x00, 0x00, 0x00, 0x00,
  0x00, 0x00, 0x00, 0x00, 0x00, 0x00, 0x00, 0x00, 0x00, 0x00, 0x00, 0x00,
  0x00, 0x00, 0x00, 0x00, 0x00, 0x00, 0x00, 0x00, 0x00, 0x00, 0x00, 0x00,
  0x00, 0x00, 0x00, 0x00, 0x00, 0x00, 0x00, 0x00, 0x00, 0x00, 0x00, 0x00,
  0x00, 0x00, 0x00, 0x00, 0x00, 0x00, 0x00, 0x00, 0x00, 0x00, 0x00, 0x00,
  0x00, 0x00, 0x00, 0x00, 0x00, 0x00, 0x00, 0x00, 0x00, 0x00, 0x00, 0x00,
  0x00, 0x00, 0x00, 0x00, 0x00, 0x00, 0x00, 0x00, 0x00, 0x00, 0x00, 0x00,
  0x40, 0x00, 0x00, 0x00, 0xc1, 0x14, 0xd5, 0x38, 0x61, 0x6d, 0xf9, 0x38,
  0x6f, 0x56, 0xb0, 0x38, 0x02, 0x23, 0x99, 0x38, 0x3e, 0x87, 0xbb, 0x38,
  0x52, 0x2f, 0xcc, 0x38, 0x82, 0xbf, 0xcd, 0x38, 0xda, 0x89, 0x0d, 0x39,
  0x8f, 0x18, 0x32, 0x39, 0xfe, 0x45, 0x1b, 0x39, 0x09, 0x57, 0xee, 0x38,
  0x02, 0xc5, 0x2b, 0x39, 0xb6, 0xb9, 0xbf, 0x38, 0xcc, 0x0c, 0xdd, 0x38,
  0xd2, 0xdb, 0x97, 0x39, 0x6d, 0xe4, 0xf7, 0x38, 0x1f, 0xba, 0xa0, 0x38,
  0x8f, 0x58, 0x7c, 0x39, 0x03, 0x2f, 0xf0, 0x38, 0x54, 0xae, 0xdc, 0x38,
  0x8e, 0x65, 0xb8, 0x38, 0xcc, 0x7b, 0xfb, 0x38, 0x63, 0x70, 0x52, 0x39,
  0xce, 0xda, 0x2a, 0x39, 0x32, 0xc1, 0xd3, 0x38, 0x72, 0x54, 0x1b, 0x39,
  0xb2, 0x75, 0xbf, 0x38, 0x50, 0xe8, 0xcc, 0x38, 0x10, 0xa2, 0xe7, 0x38,
  0x71, 0xa8, 0x0e, 0x39, 0x7d, 0xf9, 0x87, 0x39, 0xdb, 0x0a, 0xea, 0x38,
  0xb2, 0x4d, 0xb2, 0x38, 0x70, 0xc4, 0x1a, 0x39, 0xd1, 0x43, 0x98, 0x38,
  0xa0, 0x99, 0x46, 0x39, 0xd6, 0x25, 0x81, 0x38, 0x1b, 0xaf, 0xba, 0x38,
  0x66, 0x83, 0xbd, 0x38, 0x43, 0x8c, 0xcc, 0x38, 0xba, 0x33, 0x08, 0x39,
  0x81, 0x11, 0xb8, 0x38, 0xcb, 0xd8, 0x5a, 0x39, 0xd5, 0x17, 0x15, 0x39,
  0x57, 0x0f, 0xdf, 0x38, 0x27, 0x94, 0x24, 0x39, 0x82, 0x1e, 0x31, 0x39,
  0x02, 0xa6, 0xcc, 0x38, 0x0a, 0x21, 0xc4, 0x38, 0xc1, 0x6b, 0xa4, 0x38,
  0xc3, 0x2b, 0xfe, 0x38, 0xa7, 0x9d, 0x2b, 0x39, 0x62, 0xa0, 0x1c, 0x39,
  0xbb, 0xfe, 0xb0, 0x38, 0xc5, 0x85, 0x5a, 0x39, 0x43, 0x94, 0x4b, 0x39,
  0x23, 0x5d, 0x1d, 0x39, 0xbf, 0x4e, 0xe3, 0x38, 0x64, 0xd1, 0x16, 0x39,
  0x10, 0x0e, 0x18, 0x39, 0x52, 0x3a, 0x0e, 0x39, 0xb9, 0x8a, 0xc7, 0x38,
  0x3d, 0x64, 0x05, 0x39, 0xf8, 0xa5, 0x97, 0x38, 0x13, 0x00, 0x00, 0x00,
  0x74, 0x66, 0x6c, 0x2e, 0x70, 0x73, 0x65, 0x75, 0x64, 0x6f, 0x5f, 0x71,
  0x63, 0x6f, 0x6e, 0x73, 0x74, 0x31, 0x32, 0x00, 0x01, 0x00, 0x00, 0x00,
  0x40, 0x00, 0x00, 0x00, 0x02, 0xf1, 0xff, 0xff, 0x00, 0x00, 0x00, 0x01,
  0x14, 0x00, 0x00, 0x00, 0x88, 0x00, 0x00, 0x00, 0x13, 0x00, 0x00, 0x00,
  0x00, 0x00, 0x00, 0x09, 0x94, 0x00, 0x00, 0x00, 0x84, 0xf0, 0xff, 0xff,
  0x08, 0x00, 0x00, 0x00, 0x4c, 0x00, 0x00, 0x00, 0x08, 0x00, 0x00, 0x00,
  0x00, 0x00, 0x00, 0x00, 0x00, 0x00, 0x00, 0x00, 0x00, 0x00, 0x00, 0x00,
  0x00, 0x00, 0x00, 0x00, 0x00, 0x00, 0x00, 0x00, 0x00, 0x00, 0x00, 0x00,
  0x00, 0x00, 0x00, 0x00, 0x00, 0x00, 0x00, 0x00, 0x00, 0x00, 0x00, 0x00,
  0x00, 0x00, 0x00, 0x00, 0x00, 0x00, 0x00, 0x00, 0x00, 0x00, 0x00, 0x00,
  0x00, 0x00, 0x00, 0x00, 0x00, 0x00, 0x00, 0x00, 0x00, 0x00, 0x00, 0x00,
  0x00, 0x00, 0x00, 0x00, 0x00, 0x00, 0x00, 0x00, 0x08, 0x00, 0x00, 0x00,
  0x47, 0xda, 0x4c, 0x3a, 0x1e, 0xf0, 0x53, 0x3a, 0x30, 0x46, 0x64, 0x3a,
  0x14, 0x75, 0x21, 0x3a, 0xe6, 0xe1, 0x24, 0x3a, 0x92, 0xd7, 0x84, 0x3a,
  0x74, 0x17, 0x46, 0x3a, 0x54, 0xda, 0x7e, 0x3a, 0x13, 0x00, 0x00, 0x00,
  0x74, 0x66, 0x6c, 0x2e, 0x70, 0x73, 0x65, 0x75, 0x64, 0x6f, 0x5f, 0x71,
  0x63, 0x6f, 0x6e, 0x73, 0x74, 0x31, 0x31, 0x00, 0x04, 0x00, 0x00, 0x00,
  0x08, 0x00, 0x00, 0x00, 0x01, 0x00, 0x00, 0x00, 0x07, 0x00, 0x00, 0x00,
  0x40, 0x00, 0x00, 0x00, 0xc2, 0xf1, 0xff, 0xff, 0x00, 0x00, 0x00, 0x01,
  0x14, 0x00, 0x00, 0x00, 0x84, 0x00, 0x00, 0x00, 0x12, 0x00, 0x00, 0x00,
  0x00, 0x00, 0x00, 0x02, 0x90, 0x00, 0x00, 0x00, 0x44, 0xf1, 0xff, 0xff,
  0x08, 0x00, 0x00, 0x00, 0x48, 0x00, 0x00, 0x00, 0x08, 0x00, 0x00, 0x00,
  0x00, 0x00, 0x00, 0x00, 0x00, 0x00, 0x00, 0x00, 0x00, 0x00, 0x00, 0x00,
  0x00, 0x00, 0x00, 0x00, 0x00, 0x00, 0x00, 0x00, 0x00, 0x00, 0x00, 0x00,
  0x00, 0x00, 0x00, 0x00, 0x00, 0x00, 0x00, 0x00, 0x00, 0x00, 0x00, 0x00,
  0x00, 0x00, 0x00, 0x00, 0x00, 0x00, 0x00, 0x00, 0x00, 0x00, 0x00, 0x00,
  0x00, 0x00, 0x00, 0x00, 0x00, 0x00, 0x00, 0x00, 0x00, 0x00, 0x00, 0x00,
  0x00, 0x00, 0x00, 0x00, 0x08, 0x00, 0x00, 0x00, 0x3d, 0x98, 0x01, 0x38,
  0xb8, 0x13, 0x06, 0x38, 0x65, 0x69, 0x10, 0x38, 0x96, 0x48, 0xcc, 0x37,
  0xfb, 0x9d, 0xd0, 0x37, 0x01, 0x14, 0x28, 0x38, 0x8e, 0xa2, 0xfa, 0x37,
  0xdb, 0x39, 0x21, 0x38, 0x13, 0x00, 0x00, 0x00, 0x74, 0x66, 0x6c, 0x2e,
  0x70, 0x73, 0x65, 0x75, 0x64, 0x6f, 0x5f, 0x71, 0x63, 0x6f, 0x6e, 0x73,
  0x74, 0x31, 0x30, 0x00, 0x01, 0x00, 0x00, 0x00, 0x08, 0x00, 0x00, 0x00,
  0x72, 0xf2, 0xff, 0xff, 0x00, 0x00, 0x00, 0x01, 0x14, 0x00, 0x00, 0x00,
  0x48, 0x01, 0x00, 0x00, 0x11, 0x00, 0x00, 0x00, 0x00, 0x00, 0x00, 0x09,
  0x54, 0x01, 0x00, 0x00, 0xf4, 0xf1, 0xff, 0xff, 0x08, 0x00, 0x00, 0x00,
  0xcc, 0x00, 0x00, 0x00, 0x18, 0x00, 0x00, 0x00, 0x00, 0x00, 0x00, 0x00,
  0x00, 0x00, 0x00, 0x00, 0x00, 0x00, 0x00, 0x00, 0x00, 0x00, 0x00, 0x00,
  0x00, 0x00, 0x00, 0x00, 0x00, 0x00, 0x00, 0x00, 0x00, 0x00, 0x00, 0x00,
  0x00, 0x00, 0x00, 0x00, 0x00, 0x00, 0x00, 0x00, 0x00, 0x00, 0x00, 0x00,
  0x00, 0x00, 0x00, 0x00, 0x00, 0x00, 0x00, 0x00, 0x00, 0x00, 0x00, 0x00,
  0x00, 0x00, 0x00, 0x00, 0x00, 0x00, 0x00, 0x00, 0x00, 0x00, 0x00, 0x00,
  0x00, 0x00, 0x00, 0x00, 0x00, 0x00, 0x00, 0x00, 0x00, 0x00, 0x00, 0x00,
  0x00, 0x00, 0x00, 0x00, 0x00, 0x00, 0x00, 0x00, 0x00, 0x00, 0x00, 0x00,
  0x00, 0x00, 0x00, 0x00, 0x00, 0x00, 0x00, 0x00, 0x00, 0x00, 0x00, 0x00,
  0x00, 0x00, 0x00, 0x00, 0x00, 0x00, 0x00, 0x00, 0x00, 0x00, 0x00, 0x00,
  0x00, 0x00, 0x00, 0x00, 0x00, 0x00, 0x00, 0x00, 0x00, 0x00, 0x00, 0x00,
  0x00, 0x00, 0x00, 0x00, 0x00, 0x00, 0x00, 0x00, 0x00, 0x00, 0x00, 0x00,
  0x00, 0x00, 0x00, 0x00, 0x00, 0x00, 0x00, 0x00, 0x00, 0x00, 0x00, 0x00,
  0x00, 0x00, 0x00, 0x00, 0x00, 0x00, 0x00, 0x00, 0x00, 0x00, 0x00, 0x00,
  0x00, 0x00, 0x00, 0x00, 0x00, 0x00, 0x00, 0x00, 0x00, 0x00, 0x00, 0x00,
  0x00, 0x00, 0x00, 0x00, 0x00, 0x00, 0x00, 0x00, 0x00, 0x00, 0x00, 0x00,
  0x00, 0x00, 0x00, 0x00, 0x00, 0x00, 0x00, 0x00, 0x00, 0x00, 0x00, 0x00,
  0x18, 0x00, 0x00, 0x00, 0xea, 0xef, 0xa3, 0x3b, 0xe9, 0x98, 0x95, 0x3b,
  0x54, 0x65, 0x7d, 0x3b, 0x99, 0x9b, 0x93, 0x3b, 0xb8, 0xf0, 0xc4, 0x3b,
  0x3a, 0x0e, 0xb4, 0x3b, 0x34, 0x27, 0xba, 0x3b, 0xdc, 0xa5, 0x92, 0x3b,
  0x22, 0xf2, 0xc8, 0x3b, 0x6a, 0xbf, 0x90, 0x3b, 0x9e, 0x82, 0xb5, 0x3b,
  0x3d, 0xa4, 0x89, 0x3b, 0x77, 0xd8, 0x89, 0x3b, 0x8d, 0x86, 0xc3, 0x3b,
  0xc4, 0xb5, 0xba, 0x3b, 0x84, 0xda, 0x94, 0x3b, 0x76, 0x0e, 0x91, 0x3b,
  0xb4, 0xcf, 0x96, 0x3b, 0x49, 0x35, 0xdc, 0x3b, 0x0c, 0x93, 0xe8, 0x3b,
  0x25, 0x78, 0x82, 0x3b, 0x9f, 0x0d, 0x56, 0x3b, 0xdf, 0x9a, 0x6a, 0x3b,
  0x81, 0xef, 0x99, 0x3b, 0x12, 0x00, 0x00, 0x00, 0x74, 0x66, 0x6c, 0x2e,
  0x70, 0x73, 0x65, 0x75, 0x64, 0x6f, 0x5f, 0x71, 0x63, 0x6f, 0x6e, 0x73,
  0x74, 0x39, 0x00, 0x00, 0x04, 0x00, 0x00, 0x00, 0x18, 0x00, 0x00, 0x00,
  0x01, 0x00, 0x00, 0x00, 0x03, 0x00, 0x00, 0x00, 0x08, 0x00, 0x00, 0x00,
  0xf2, 0xf3, 0xff, 0xff, 0x00, 0x00, 0x00, 0x01, 0x14, 0x00, 0x00, 0x00,
  0x44, 0x01, 0x00, 0x00, 0x10, 0x00, 0x00, 0x00, 0x00, 0x00, 0x00, 0x02,
  0x50, 0x01, 0x00, 0x00, 0x74, 0xf3, 0xff, 0xff, 0x08, 0x00, 0x00, 0x00,
  0xc8, 0x00, 0x00, 0x00, 0x18, 0x00, 0x00, 0x00, 0x00, 0x00, 0x00, 0x00,
  0x00, 0x00, 0x00, 0x00, 0x00, 0x00, 0x00, 0x00, 0x00, 0x00, 0x00, 0x00,
  0x00, 0x00, 0x00, 0x00, 0x00, 0x00, 0x00, 0x00, 0x00, 0x00, 0x00, 0x00,
  0x00, 0x00, 0x00, 0x00, 0x00, 0x00, 0x00, 0x00, 0x00, 0x00, 0x00, 0x00,
  0x00, 0x00, 0x00, 0x00, 0x00, 0x00, 0x00, 0x00, 0x00, 0x00, 0x00, 0x00,
  0x00, 0x00, 0x00, 0x00, 0x00, 0x00, 0x00, 0x00, 0x00, 0x00, 0x00, 0x00,
  0x00, 0x00, 0x00, 0x00, 0x00, 0x00, 0x00, 0x00, 0x00, 0x00, 0x00, 0x00,
  0x00, 0x00, 0x00, 0x00, 0x00, 0x00, 0x00, 0x00, 0x00, 0x00, 0x00, 0x00,
  0x00, 0x00, 0x00, 0x00, 0x00, 0x00, 0x00, 0x00, 0x00, 0x00, 0x00, 0x00,
  0x00, 0x00, 0x00, 0x00, 0x00, 0x00, 0x00, 0x00, 0x00, 0x00, 0x00, 0x00,
  0x00, 0x00, 0x00, 0x00, 0x00, 0x00, 0x00, 0x00, 0x00, 0x00, 0x00, 0x00,
  0x00, 0x00, 0x00, 0x00, 0x00, 0x00, 0x00, 0x00, 0x00, 0x00, 0x00, 0x00,
  0x00, 0x00, 0x00, 0x00, 0x00, 0x00, 0x00, 0x00, 0x00, 0x00, 0x00, 0x00,
  0x00, 0x00, 0x00, 0x00, 0x00, 0x00, 0x00, 0x00, 0x00, 0x00, 0x00, 0x00,
  0x00, 0x00, 0x00, 0x00, 0x00, 0x00, 0x00, 0x00, 0x00, 0x00, 0x00, 0x00,
  0x00, 0x00, 0x00, 0x00, 0x00, 0x00, 0x00, 0x00, 0x00, 0x00, 0x00, 0x00,
  0x00, 0x00, 0x00, 0x00, 0x00, 0x00, 0x00, 0x00, 0x18, 0x00, 0x00, 0x00,
  0xf1, 0xa7, 0xbe, 0x38, 0xa1, 0xfa, 0xad, 0x38, 0xf1, 0x58, 0x93, 0x38,
  0x4f, 0xaa, 0xab, 0x38, 0xc1, 0x09, 0xe5, 0x38, 0xc6, 0x66, 0xd1, 0x38,
  0x29, 0x7e, 0xd8, 0x38, 0x85, 0x8c, 0xaa, 0x38, 0x4b, 0xb2, 0xe9, 0x38,
  0xcb, 0x56, 0xa8, 0x38, 0xdb, 0x17, 0xd3, 0x38, 0x1f, 0x13, 0xa0, 0x38,
  0xdd, 0x4f, 0xa0, 0x38, 0x8f, 0x64, 0xe3, 0x38, 0xf5, 0x23, 0xd9, 0x38,
  0x34, 0x1d, 0xad, 0x38, 0xb9, 0xb2, 0xa8, 0x38, 0x14, 0x64, 0xaf, 0x38,
  0x91, 0x0c, 0x00, 0x39, 0x6e, 0x3d, 0x07, 0x39, 0xc7, 0xbb, 0x97, 0x38,
  0xaa, 0xf0, 0x78, 0x38, 0xb4, 0x6b, 0x88, 0x38, 0x3b, 0x06, 0xb3, 0x38,
  0x12, 0x00, 0x00, 0x00, 0x74, 0x66, 0x6c, 0x2e, 0x70, 0x73, 0x65, 0x75,
  0x64, 0x6f, 0x5f, 0x71, 0x63, 0x6f, 0x6e, 0x73, 0x74, 0x38, 0x00, 0x00,
  0x01, 0x00, 0x00, 0x00, 0x18, 0x00, 0x00, 0x00, 0x00, 0x00, 0x16, 0x00,
  0x1e, 0x00, 0x18, 0x00, 0x17, 0x00, 0x10, 0x00, 0x0c, 0x00, 0x08, 0x00,
  0x00, 0x00, 0x00, 0x00, 0x00, 0x00, 0x07, 0x00, 0x16, 0x00, 0x00, 0x00,
  0x00, 0x00, 0x00, 0x01, 0x28, 0x00, 0x00, 0x00, 0x60, 0x01, 0x00, 0x00,
  0x0f, 0x00, 0x00, 0x00, 0x00, 0x00, 0x00, 0x09, 0x6c, 0x01, 0x00, 0x00,
  0x00, 0x00, 0x12, 0x00, 0x10, 0x00, 0x00, 0x00, 0x00, 0x00, 0x0c, 0x00,
  0x08, 0x00, 0x00, 0x00, 0x00, 0x00, 0x04, 0x00, 0x12, 0x00, 0x00, 0x00,
  0x03, 0x00, 0x00, 0x00, 0x08, 0x00, 0x00, 0x00, 0xcc, 0x00, 0x00, 0x00,
  0x18, 0x00, 0x00, 0x00, 0x00, 0x00, 0x00, 0x00, 0x00, 0x00, 0x00, 0x00,
  0x00, 0x00, 0x00, 0x00, 0x00, 0x00, 0x00, 0x00, 0x00, 0x00, 0x00, 0x00,
  0x00, 0x00, 0x00, 0x00, 0x00, 0x00, 0x00, 0x00, 0x00, 0x00, 0x00, 0x00,
  0x00, 0x00, 0x00, 0x00, 0x00, 0x00, 0x00, 0x00, 0x00, 0x00, 0x00, 0x00,
  0x00, 0x00, 0x00, 0x00, 0x00, 0x00, 0x00, 0x00, 0x00, 0x00, 0x00, 0x00,
  0x00, 0x00, 0x00, 0x00, 0x00, 0x00, 0x00, 0x00, 0x00, 0x00, 0x00, 0x00,
  0x00, 0x00, 0x00, 0x00, 0x00, 0x00, 0x00, 0x00, 0x00, 0x00, 0x00, 0x00,
  0x00, 0x00, 0x00, 0x00, 0x00, 0x00, 0x00, 0x00, 0x00, 0x00, 0x00, 0x00,
  0x00, 0x00, 0x00, 0x00, 0x00, 0x00, 0x00, 0x00, 0x00, 0x00, 0x00, 0x00,
  0x00, 0x00, 0x00, 0x00, 0x00, 0x00, 0x00, 0x00, 0x00, 0x00, 0x00, 0x00,
  0x00, 0x00, 0x00, 0x00, 0x00, 0x00, 0x00, 0x00, 0x00, 0x00, 0x00, 0x00,
  0x00, 0x00, 0x00, 0x00, 0x00, 0x00, 0x00, 0x00, 0x00, 0x00, 0x00, 0x00,
  0x00, 0x00, 0x00, 0x00, 0x00, 0x00, 0x00, 0x00, 0x00, 0x00, 0x00, 0x00,
  0x00, 0x00, 0x00, 0x00, 0x00, 0x00, 0x00, 0x00, 0x00, 0x00, 0x00, 0x00,
  0x00, 0x00, 0x00, 0x00, 0x00, 0x00, 0x00, 0x00, 0x00, 0x00, 0x00, 0x00,
  0x00, 0x00, 0x00, 0x00, 0x00, 0x00, 0x00, 0x00, 0x00, 0x00, 0x00, 0x00,
  0x00, 0x00, 0x00, 0x00, 0x00, 0x00, 0x00, 0x00, 0x18, 0x00, 0x00, 0x00,
  0x46, 0x01, 0x11, 0x3b, 0x6c, 0x2f, 0x98, 0x3a, 0xdf, 0xbd, 0x01, 0x3b,
  0xc4, 0x59, 0x00, 0x3b, 0xe6, 0xcc, 0xd0, 0x3a, 0xbe, 0x03, 0xcb, 0x3a,
  0xcc, 0x3b, 0xdb, 0x3a, 0x06, 0x34, 0x2e, 0x3b, 0xd0, 0x3f, 0xc6, 0x3a,
  0xc4, 0x58, 0xe7, 0x3a, 0x9e, 0xf0, 0xd7, 0x3a, 0xb0, 0xdd, 0xab, 0x3a,
  0x21, 0x40, 0x88, 0x3a, 0xdb, 0x9e, 0x07, 0x3b, 0x36, 0x15, 0xde, 0x3a,
  0xaa, 0x81, 0x13, 0x3b, 0x05, 0x4f, 0xab, 0x3a, 0x25, 0xe7, 0xe0, 0x3a,
  0x0f, 0xac, 0x0b, 0x3b, 0xf8, 0xff, 0xf3, 0x3a, 0x6e, 0x24, 0xc1, 0x3a,
  0xd4, 0x93, 0x9c, 0x3a, 0xbd, 0x72, 0xa2, 0x3a, 0xf7, 0xae, 0xab, 0x3a,
  0x12, 0x00, 0x00, 0x00, 0x74, 0x66, 0x6c, 0x2e, 0x70, 0x73, 0x65, 0x75,
  0x64, 0x6f, 0x5f, 0x71, 0x63, 0x6f, 0x6e, 0x73, 0x74, 0x37, 0x00, 0x00,
  0x04, 0x00, 0x00, 0x00, 0x01, 0x00, 0x00, 0x00, 0x01, 0x00, 0x00, 0x00,
  0x05, 0x00, 0x00, 0x00, 0x18, 0x00, 0x00, 0x00, 0x12, 0xf7, 0xff, 0xff,
  0x00, 0x00, 0x00, 0x01, 0x14, 0x00, 0x00, 0x00, 0x44, 0x01, 0x00, 0x00,
  0x0e, 0x00, 0x00, 0x00, 0x00, 0x00, 0x00, 0x02, 0x50, 0x01, 0x00, 0x00,
  0x94, 0xf6, 0xff, 0xff, 0x08, 0x00, 0x00, 0x00, 0xc8, 0x00, 0x00, 0x00,
  0x18, 0x00, 0x00, 0x00, 0x00, 0x00, 0x00, 0x00, 0x00, 0x00, 0x00, 0x00,
  0x00, 0x00, 0x00, 0x00, 0x00, 0x00, 0x00, 0x00, 0x00, 0x00, 0x00, 0x00,
  0x00, 0x00, 0x00, 0x00, 0x00, 0x00, 0x00, 0x00, 0x00, 0x00, 0x00, 0x00,
  0x00, 0x00, 0x00, 0x00, 0x00, 0x00, 0x00, 0x00, 0x00, 0x00, 0x00, 0x00,
  0x00, 0x00, 0x00, 0x00, 0x00, 0x00, 0x00, 0x00, 0x00, 0x00, 0x00, 0x00,
  0x00, 0x00, 0x00, 0x00, 0x00, 0x00, 0x00, 0x00, 0x00, 0x00, 0x00, 0x00,
  0x00, 0x00, 0x00, 0x00, 0x00, 0x00, 0x00, 0x00, 0x00, 0x00, 0x00, 0x00,
  0x00, 0x00, 0x00, 0x00, 0x00, 0x00, 0x00, 0x00, 0x00, 0x00, 0x00, 0x00,
  0x00, 0x00, 0x00, 0x00, 0x00, 0x00, 0x00, 0x00, 0x00, 0x00, 0x00, 0x00,
  0x00, 0x00, 0x00, 0x00, 0x00, 0x00, 0x00, 0x00, 0x00, 0x00, 0x00, 0x00,
  0x00, 0x00, 0x00, 0x00, 0x00, 0x00, 0x00, 0x00, 0x00, 0x00, 0x00, 0x00,
  0x00, 0x00, 0x00, 0x00, 0x00, 0x00, 0x00, 0x00, 0x00, 0x00, 0x00, 0x00,
  0x00, 0x00, 0x00, 0x00, 0x00, 0x00, 0x00, 0x00, 0x00, 0x00, 0x00, 0x00,
  0x00, 0x00, 0x00, 0x00, 0x00, 0x00, 0x00, 0x00, 0x00, 0x00, 0x00, 0x00,
  0x00, 0x00, 0x00, 0x00, 0x00, 0x00, 0x00, 0x00, 0x00, 0x00, 0x00, 0x00,
  0x00, 0x00, 0x00, 0x00, 0x00, 0x00, 0x00, 0x00, 0x00, 0x00, 0x00, 0x00,
  0x00, 0x00, 0x00, 0x00, 0x18, 0x00, 0x00, 0x00, 0x9a, 0x89, 0x0f, 0x38,
  0x26, 0xa5, 0x96, 0x37, 0xbe, 0x6d, 0x00, 0x38, 0x7c, 0x1a, 0xfe, 0x37,
  0xf3, 0xaf, 0xce, 0x37, 0xc9, 0xf5, 0xc8, 0x37, 0xd2, 0x03, 0xd9, 0x37,
  0xb5, 0x70, 0x2c, 0x38, 0x33, 0x3e, 0xc4, 0x37, 0x68, 0x01, 0xe5, 0x37,
  0x2c, 0xc1, 0xd5, 0x37, 0x6d, 0x20, 0xaa, 0x37, 0x24, 0xdf, 0x86, 0x37,
  0x7f, 0x3f, 0x06, 0x38, 0xda, 0xd5, 0xdb, 0x37, 0x83, 0x03, 0x12, 0x38,
  0x34, 0x93, 0xa9, 0x37, 0x7b, 0xa0, 0xde, 0x37, 0x34, 0x42, 0x0a, 0x38,
  0xd4, 0x87, 0xf1, 0x37, 0x0c, 0x30, 0xbf, 0x37, 0x2d, 0xfe, 0x9a, 0x37,
  0xe0, 0xcd, 0xa0, 0x37, 0x2d, 0xf2, 0xa9, 0x37, 0x12, 0x00, 0x00, 0x00,
  0x74, 0x66, 0x6c, 0x2e, 0x70, 0x73, 0x65, 0x75, 0x64, 0x6f, 0x5f, 0x71,
  0x63, 0x6f, 0x6e, 0x73, 0x74, 0x36, 0x00, 0x00, 0x01, 0x00, 0x00, 0x00,
  0x18, 0x00, 0x00, 0x00, 0x82, 0xf8, 0xff, 0xff, 0x00, 0x00, 0x00, 0x01,
  0x14, 0x00, 0x00, 0x00, 0x48, 0x01, 0x00, 0x00, 0x0d, 0x00, 0x00, 0x00,
  0x00, 0x00, 0x00, 0x09, 0x54, 0x01, 0x00, 0x00, 0x04, 0xf8, 0xff, 0xff,
  0x08, 0x00, 0x00, 0x00, 0xcc, 0x00, 0x00, 0x00, 0x18, 0x00, 0x00, 0x00,
  0x00, 0x00, 0x00, 0x00, 0x00, 0x00, 0x00, 0x00, 0x00, 0x00, 0x00, 0x00,
  0x00, 0x00, 0x00, 0x00, 0x00, 0x00, 0x00, 0x00, 0x00, 0x00, 0x00, 0x00,
  0x00, 0x00, 0x00, 0x00, 0x00, 0x00, 0x00, 0x00, 0x00, 0x00, 0x00, 0x00,
  0x00, 0x00, 0x00, 0x00, 0x00, 0x00, 0x00, 0x00, 0x00, 0x00, 0x00, 0x00,
  0x00, 0x00, 0x00, 0x00, 0x00, 0x00, 0x00, 0x00, 0x00, 0x00, 0x00, 0x00,
  0x00, 0x00, 0x00, 0x00, 0x00, 0x00, 0x00, 0x00, 0x00, 0x00, 0x00, 0x00,
  0x00, 0x00, 0x00, 0x00, 0x00, 0x00, 0x00, 0x00, 0x00, 0x00, 0x00, 0x00,
  0x00, 0x00, 0x00, 0x00, 0x00, 0x00, 0x00, 0x00, 0x00, 0x00, 0x00, 0x00,
  0x00, 0x00, 0x00, 0x00, 0x00, 0x00, 0x00, 0x00, 0x00, 0x00, 0x00, 0x00,
  0x00, 0x00, 0x00, 0x00, 0x00, 0x00, 0x00, 0x00, 0x00, 0x00, 0x00, 0x00,
  0x00, 0x00, 0x00, 0x00, 0x00, 0x00, 0x00, 0x00, 0x00, 0x00, 0x00, 0x00,
  0x00, 0x00, 0x00, 0x00, 0x00, 0x00, 0x00, 0x00, 0x00, 0x00, 0x00, 0x00,
  0x00, 0x00, 0x00, 0x00, 0x00, 0x00, 0x00, 0x00, 0x00, 0x00, 0x00, 0x00,
  0x00, 0x00, 0x00, 0x00, 0x00, 0x00, 0x00, 0x00, 0x00, 0x00, 0x00, 0x00,
  0x00, 0x00, 0x00, 0x00, 0x00, 0x00, 0x00, 0x00, 0x00, 0x00, 0x00, 0x00,
  0x00, 0x00, 0x00, 0x00, 0x00, 0x00, 0x00, 0x00, 0x00, 0x00, 0x00, 0x00,
  0x00, 0x00, 0x00, 0x00, 0x18, 0x00, 0x00, 0x00, 0x58, 0x87, 0xa8, 0x3c,
  0x9b, 0xa4, 0xa4, 0x3c, 0xfb, 0x62, 0x3b, 0x3c, 0xf4, 0xaa, 0xa6, 0x3c,
  0x14, 0xc2, 0x76, 0x3c, 0x7f, 0x5a, 0x97, 0x3c, 0x3d, 0x9b, 0xb3, 0x3c,
  0x5d, 0xd8, 0xc2, 0x3c, 0xd5, 0x2a, 0x96, 0x3c, 0xf1, 0x0c, 0xdb, 0x3c,
  0x4c, 0x78, 0x5f, 0x3c, 0xb9, 0x24, 0x92, 0x3c, 0x44, 0xd3, 0x6d, 0x3c,
  0x76, 0x1f, 0x80, 0x3c, 0x4f, 0xe1, 0x9a, 0x3c, 0x15, 0xff, 0x91, 0x3c,
  0xf9, 0x1a, 0x7b, 0x3c, 0xbe, 0x3a, 0x4f, 0x3c, 0xd5, 0xc6, 0xa0, 0x3c,
  0x31, 0xa9, 0xb0, 0x3c, 0xca, 0x78, 0x19, 0x3c, 0x19, 0xaf, 0x30, 0x3c,
  0x9c, 0x10, 0x88, 0x3c, 0x2b, 0x57, 0x68, 0x3c, 0x12, 0x00, 0x00, 0x00,
  0x74, 0x66, 0x6c, 0x2e, 0x70, 0x73, 0x65, 0x75, 0x64, 0x6f, 0x5f, 0x71,
  0x63, 0x6f, 0x6e, 0x73, 0x74, 0x35, 0x00, 0x00, 0x04, 0x00, 0x00, 0x00,
  0x18, 0x00, 0x00, 0x00, 0x01, 0x00, 0x00, 0x00, 0x01, 0x00, 0x00, 0x00,
  0x18, 0x00, 0x00, 0x00, 0x02, 0xfa, 0xff, 0xff, 0x00, 0x00, 0x00, 0x01,
  0x14, 0x00, 0x00, 0x00, 0x44, 0x01, 0x00, 0x00, 0x0c, 0x00, 0x00, 0x00,
  0x00, 0x00, 0x00, 0x02, 0x50, 0x01, 0x00, 0x00, 0x84, 0xf9, 0xff, 0xff,
  0x08, 0x00, 0x00, 0x00, 0xc8, 0x00, 0x00, 0x00, 0x18, 0x00, 0x00, 0x00,
  0x00, 0x00, 0x00, 0x00, 0x00, 0x00, 0x00, 0x00, 0x00, 0x00, 0x00, 0x00,
  0x00, 0x00, 0x00, 0x00, 0x00, 0x00, 0x00, 0x00, 0x00, 0x00, 0x00, 0x00,
  0x00, 0x00, 0x00, 0x00, 0x00, 0x00, 0x00, 0x00, 0x00, 0x00, 0x00, 0x00,
  0x00, 0x00, 0x00, 0x00, 0x00, 0x00, 0x00, 0x00, 0x00, 0x00, 0x00, 0x00,
  0x00, 0x00, 0x00, 0x00, 0x00, 0x00, 0x00, 0x00, 0x00, 0x00, 0x00, 0x00,
  0x00, 0x00, 0x00, 0x00, 0x00, 0x00, 0x00, 0x00, 0x00, 0x00, 0x00, 0x00,
  0x00, 0x00, 0x00, 0x00, 0x00, 0x00, 0x00, 0x00, 0x00, 0x00, 0x00, 0x00,
  0x00, 0x00, 0x00, 0x00, 0x00, 0x00, 0x00, 0x00, 0x00, 0x00, 0x00, 0x00,
  0x00, 0x00, 0x00, 0x00, 0x00, 0x00, 0x00, 0x00, 0x00, 0x00, 0x00, 0x00,
  0x00, 0x00, 0x00, 0x00, 0x00, 0x00, 0x00, 0x00, 0x00, 0x00, 0x00, 0x00,
  0x00, 0x00, 0x00, 0x00, 0x00, 0x00, 0x00, 0x00, 0x00, 0x00, 0x00, 0x00,
  0x00, 0x00, 0x00, 0x00, 0x00, 0x00, 0x00, 0x00, 0x00, 0x00, 0x00, 0x00,
  0x00, 0x00, 0x00, 0x00, 0x00, 0x00, 0x00, 0x00, 0x00, 0x00, 0x00, 0x00,
  0x00, 0x00, 0x00, 0x00, 0x00, 0x00, 0x00, 0x00, 0x00, 0x00, 0x00, 0x00,
  0x00, 0x00, 0x00, 0x00, 0x00, 0x00, 0x00, 0x00, 0x00, 0x00, 0x00, 0x00,
  0x00, 0x00, 0x00, 0x00, 0x00, 0x00, 0x00, 0x00, 0x00, 0x00, 0x00, 0x00,
  0x18, 0x00, 0x00, 0x00, 0x3b, 0x6f, 0x77, 0x39, 0xc1, 0xba, 0x71, 0x39,
  0x98, 0x8f, 0x09, 0x39, 0xcb, 0xb3, 0x74, 0x39, 0x48, 0x25, 0x35, 0x39,
  0xc3, 0x37, 0x5e, 0x39, 0x74, 0xd9, 0x83, 0x39, 0x46, 0x09, 0x8f, 0x39,
  0xec, 0x79, 0x5c, 0x39, 0x32, 0xce, 0xa0, 0x39, 0xba, 0x0c, 0x24, 0x39,
  0x83, 0x91, 0x56, 0x39, 0x87, 0x96, 0x2e, 0x39, 0x4d, 0x1c, 0x3c, 0x39,
  0x46, 0x65, 0x63, 0x39, 0x3f, 0x5a, 0x56, 0x39, 0x42, 0x56, 0x38, 0x39,
  0xa8, 0x20, 0x18, 0x39, 0x90, 0x0d, 0x6c, 0x39, 0xe7, 0xaf, 0x81, 0x39,
  0xf5, 0x53, 0xe1, 0x38, 0x3d, 0xb4, 0x01, 0x39, 0x61, 0xc5, 0x47, 0x39,
  0xc7, 0x8f, 0x2a, 0x39, 0x12, 0x00, 0x00, 0x00, 0x74, 0x66, 0x6c, 0x2e,
  0x70, 0x73, 0x65, 0x75, 0x64, 0x6f, 0x5f, 0x71, 0x63, 0x6f, 0x6e, 0x73,
  0x74, 0x34, 0x00, 0x00, 0x01, 0x00, 0x00, 0x00, 0x18, 0x00, 0x00, 0x00,
  0x72, 0xfb, 0xff, 0xff, 0x00, 0x00, 0x00, 0x01, 0x14, 0x00, 0x00, 0x00,
  0xe8, 0x00, 0x00, 0x00, 0x0b, 0x00, 0x00, 0x00, 0x00, 0x00, 0x00, 0x09,
  0xf4, 0x00, 0x00, 0x00, 0xf4, 0xfa, 0xff, 0xff, 0x08, 0x00, 0x00, 0x00,
  0x8c, 0x00, 0x00, 0x00, 0x10, 0x00, 0x00, 0x00, 0x00, 0x00, 0x00, 0x00,
  0x00, 0x00, 0x00, 0x00, 0x00, 0x00, 0x00, 0x00, 0x00, 0x00, 0x00, 0x00,
  0x00, 0x00, 0x00, 0x00, 0x00, 0x00, 0x00, 0x00, 0x00, 0x00, 0x00, 0x00,
  0x00, 0x00, 0x00, 0x00, 0x00, 0x00, 0x00, 0x00, 0x00, 0x00, 0x00, 0x00,
  0x00, 0x00, 0x00, 0x00, 0x00, 0x00, 0x00, 0x00, 0x00, 0x00, 0x00, 0x00,
  0x00, 0x00, 0x00, 0x00, 0x00, 0x00, 0x00, 0x00, 0x00, 0x00, 0x00, 0x00,
  0x00, 0x00, 0x00, 0x00, 0x00, 0x00, 0x00, 0x00, 0x00, 0x00, 0x00, 0x00,
  0x00, 0x00, 0x00, 0x00, 0x00, 0x00, 0x00, 0x00, 0x00, 0x00, 0x00, 0x00,
  0x00, 0x00, 0x00, 0x00, 0x00, 0x00, 0x00, 0x00, 0x00, 0x00, 0x00, 0x00,
  0x00, 0x00, 0x00, 0x00, 0x00, 0x00, 0x00, 0x00, 0x00, 0x00, 0x00, 0x00,
  0x00, 0x00, 0x00, 0x00, 0x00, 0x00, 0x00, 0x00, 0x00, 0x00, 0x00, 0x00,
  0x00, 0x00, 0x00, 0x00, 0x00, 0x00, 0x00, 0x00, 0x10, 0x00, 0x00, 0x00,
  0x54, 0xf7, 0xe0, 0x3b, 0x9e, 0x14, 0xcb, 0x3b, 0x3f, 0x99, 0xd1, 0x3b,
  0x12, 0x07, 0xe6, 0x3b, 0xaa, 0x64, 0xdd, 0x3b, 0xe7, 0xf3, 0xd3, 0x3b,
  0x54, 0x09, 0xe8, 0x3b, 0xde, 0x32, 0x62, 0x3b, 0x57, 0x2f, 0xd1, 0x3b,
  0x5c, 0x38, 0xf0, 0x3b, 0x3b, 0x4b, 0xf6, 0x3b, 0x83, 0x6d, 0x55, 0x3b,
  0x4c, 0x1c, 0xdf, 0x3b, 0x7d, 0x75, 0x50, 0x3b, 0x2c, 0x93, 0xe3, 0x3b,
  0x73, 0xce, 0xce, 0x3b, 0x12, 0x00, 0x00, 0x00, 0x74, 0x66, 0x6c, 0x2e,
  0x70, 0x73, 0x65, 0x75, 0x64, 0x6f, 0x5f, 0x71, 0x63, 0x6f, 0x6e, 0x73,
  0x74, 0x33, 0x00, 0x00, 0x02, 0x00, 0x00, 0x00, 0x10, 0x00, 0x00, 0x00,
  0x18, 0x00, 0x00, 0x00, 0x8a, 0xfc, 0xff, 0xff, 0x00, 0x00, 0x00, 0x01,
  0x14, 0x00, 0x00, 0x00, 0xe4, 0x00, 0x00, 0x00, 0x0a, 0x00, 0x00, 0x00,
  0x00, 0x00, 0x00, 0x02, 0xf0, 0x00, 0x00, 0x00, 0x0c, 0xfc, 0xff, 0xff,
  0x08, 0x00, 0x00, 0x00, 0x88, 0x00, 0x00, 0x00, 0x10, 0x00, 0x00, 0x00,
  0x00, 0x00, 0x00, 0x00, 0x00, 0x00, 0x00, 0x00, 0x00, 0x00, 0x00, 0x00,
  0x00, 0x00, 0x00, 0x00, 0x00, 0x00, 0x00, 0x00, 0x00, 0x00, 0x00, 0x00,
  0x00, 0x00, 0x00, 0x00, 0x00, 0x00, 0x00, 0x00, 0x00, 0x00, 0x00, 0x00,
  0x00, 0x00, 0x00, 0x00, 0x00, 0x00, 0x00, 0x00, 0x00, 0x00, 0x00, 0x00,
  0x00, 0x00, 0x00, 0x00, 0x00, 0x00, 0x00, 0x00, 0x00, 0x00, 0x00, 0x00,
  0x00, 0x00, 0x00, 0x00, 0x00, 0x00, 0x00, 0x00, 0x00, 0x00, 0x00, 0x00,
  0x00, 0x00, 0x00, 0x00, 0x00, 0x00, 0x00, 0x00, 0x00, 0x00, 0x00, 0x00,
  0x00, 0x00, 0x00, 0x00, 0x00, 0x00, 0x00, 0x00, 0x00, 0x00, 0x00, 0x00,
  0x00, 0x00, 0x00, 0x00, 0x00, 0x00, 0x00, 0x00, 0x00, 0x00, 0x00, 0x00,
  0x00, 0x00, 0x00, 0x00, 0x00, 0x00, 0x00, 0x00, 0x00, 0x00, 0x00, 0x00,
  0x00, 0x00, 0x00, 0x00, 0x00, 0x00, 0x00, 0x00, 0x10, 0x00, 0x00, 0x00,
  0x90, 0x3e, 0x24, 0x39, 0x1b, 0x44, 0x14, 0x39, 0x59, 0x06, 0x19, 0x39,
  0x90, 0xf0, 0x27, 0x39, 0xc8, 0xa2, 0x21, 0x39, 0x57, 0xbe, 0x1a, 0x39,
  0x04, 0x68, 0x29, 0x39, 0xef, 0x24, 0xa5, 0x38, 0x07, 0xb9, 0x18, 0x39,
  0x91, 0x61, 0x2f, 0x39, 0xc1, 0xd0, 0x33, 0x39, 0x06, 0xd2, 0x9b, 0x38,
  0xc0, 0xe3, 0x22, 0x39, 0x57, 0x31, 0x98, 0x38, 0x25, 0x26, 0x26, 0x39,
  0x7c, 0xfc, 0x16, 0x39, 0x12, 0x00, 0x00, 0x00, 0x74, 0x66, 0x6c, 0x2e,
  0x70, 0x73, 0x65, 0x75, 0x64, 0x6f, 0x5f, 0x71, 0x63, 0x6f, 0x6e, 0x73,
  0x74, 0x32, 0x00, 0x00, 0x01, 0x00, 0x00, 0x00, 0x10, 0x00, 0x00, 0x00,
  0x9a, 0xfd, 0xff, 0xff, 0x00, 0x00, 0x00, 0x01, 0x14, 0x00, 0x00, 0x00,
  0x70, 0x00, 0x00, 0x00, 0x09, 0x00, 0x00, 0x00, 0x00, 0x00, 0x00, 0x09,
  0x7c, 0x00, 0x00, 0x00, 0x1c, 0xfd, 0xff, 0xff, 0x08, 0x00, 0x00, 0x00,
  0x3c, 0x00, 0x00, 0x00, 0x06, 0x00, 0x00, 0x00, 0x00, 0x00, 0x00, 0x00,
  0x00, 0x00, 0x00, 0x00, 0x00, 0x00, 0x00, 0x00, 0x00, 0x00, 0x00, 0x00,
  0x00, 0x00, 0x00, 0x00, 0x00, 0x00, 0x00, 0x00, 0x00, 0x00, 0x00, 0x00,
  0x00, 0x00, 0x00, 0x00, 0x00, 0x00, 0x00, 0x00, 0x00, 0x00, 0x00, 0x00,
  0x00, 0x00, 0x00, 0x00, 0x00, 0x00, 0x00, 0x00, 0x00, 0x00, 0x00, 0x00,
  0x06, 0x00, 0x00, 0x00, 0x26, 0x85, 0x01, 0x3c, 0xd0, 0x1e, 0xeb, 0x3b,
  0x48, 0x7f, 0x19, 0x3c, 0x68, 0x36, 0xd7, 0x3b, 0x32, 0x14, 0xe8, 0x3b,
  0xb1, 0xb3, 0xec, 0x3b, 0x12, 0x00, 0x00, 0x00, 0x74, 0x66, 0x6c, 0x2e,
  0x70, 0x73, 0x65, 0x75, 0x64, 0x6f, 0x5f, 0x71, 0x63, 0x6f, 0x6e, 0x73,
  0x74, 0x31, 0x00, 0x00, 0x02, 0x00, 0x00, 0x00, 0x06, 0x00, 0x00, 0x00,
  0x10, 0x00, 0x00, 0x00, 0x3a, 0xfe, 0xff, 0xff, 0x00, 0x00, 0x00, 0x01,
  0x14, 0x00, 0x00, 0x00, 0x70, 0x00, 0x00, 0x00, 0x08, 0x00, 0x00, 0x00,
  0x00, 0x00, 0x00, 0x02, 0x7c, 0x00, 0x00, 0x00, 0xbc, 0xfd, 0xff, 0xff,
  0x08, 0x00, 0x00, 0x00, 0x3c, 0x00, 0x00, 0x00, 0x06, 0x00, 0x00, 0x00,
  0x00, 0x00, 0x00, 0x00, 0x00, 0x00, 0x00, 0x00, 0x00, 0x00, 0x00, 0x00,
  0x00, 0x00, 0x00, 0x00, 0x00, 0x00, 0x00, 0x00, 0x00, 0x00, 0x00, 0x00,
  0x00, 0x00, 0x00, 0x00, 0x00, 0x00, 0x00, 0x00, 0x00, 0x00, 0x00, 0x00,
  0x00, 0x00, 0x00, 0x00, 0x00, 0x00, 0x00, 0x00, 0x00, 0x00, 0x00, 0x00,
  0x00, 0x00, 0x00, 0x00, 0x06, 0x00, 0x00, 0x00, 0x81, 0xfc, 0xeb, 0x39,
  0xfe, 0x31, 0xd6, 0x39, 0x1b, 0xd6, 0x0b, 0x3a, 0x27, 0x0f, 0xc4, 0x39,
  0xac, 0x6c, 0xd3, 0x39, 0xd7, 0xa2, 0xd7, 0x39, 0x11, 0x00, 0x00, 0x00,
  0x74, 0x66, 0x6c, 0x2e, 0x70, 0x73, 0x65, 0x75, 0x64, 0x6f, 0x5f, 0x71,
  0x63, 0x6f, 0x6e, 0x73, 0x74, 0x00, 0x00, 0x00, 0x01, 0x00, 0x00, 0x00,
  0x06, 0x00, 0x00, 0x00, 0xd6, 0xfe, 0xff, 0xff, 0x00, 0x00, 0x00, 0x01,
  0x14, 0x00, 0x00, 0x00, 0x14, 0x00, 0x00, 0x00, 0x07, 0x00, 0x00, 0x00,
  0x00, 0x00, 0x00, 0x02, 0x1c, 0x00, 0x00, 0x00, 0xc0, 0xfe, 0xff, 0xff,
  0x0f, 0x00, 0x00, 0x00, 0x61, 0x72, 0x69, 0x74, 0x68, 0x2e, 0x63, 0x6f,
  0x6e, 0x73, 0x74, 0x61, 0x6e, 0x74, 0x35, 0x00, 0x01, 0x00, 0x00, 0x00,
  0x03, 0x00, 0x00, 0x00, 0x12, 0xff, 0xff, 0xff, 0x00, 0x00, 0x00, 0x01,
  0x14, 0x00, 0x00, 0x00, 0x14, 0x00, 0x00, 0x00, 0x06, 0x00, 0x00, 0x00,
  0x00, 0x00, 0x00, 0x02, 0x1c, 0x00, 0x00, 0x00, 0xfc, 0xfe, 0xff, 0xff,
  0x0f, 0x00, 0x00, 0x00, 0x61, 0x72, 0x69, 0x74, 0x68, 0x2e, 0x63, 0x6f,
  0x6e, 0x73, 0x74, 0x61, 0x6e, 0x74, 0x34, 0x00, 0x00, 0x00, 0x00, 0x00,
  0x4a, 0xff, 0xff, 0xff, 0x00, 0x00, 0x00, 0x01, 0x14, 0x00, 0x00, 0x00,
  0x14, 0x00, 0x00, 0x00, 0x05, 0x00, 0x00, 0x00, 0x00, 0x00, 0x00, 0x02,
  0x1c, 0x00, 0x00, 0x00, 0x34, 0xff, 0xff, 0xff, 0x0f, 0x00, 0x00, 0x00,
  0x61, 0x72, 0x69, 0x74, 0x68, 0x2e, 0x63, 0x6f, 0x6e, 0x73, 0x74, 0x61,
  0x6e, 0x74, 0x33, 0x00, 0x01, 0x00, 0x00, 0x00, 0x03, 0x00, 0x00, 0x00,
  0x86, 0xff, 0xff, 0xff, 0x00, 0x00, 0x00, 0x01, 0x14, 0x00, 0x00, 0x00,
  0x14, 0x00, 0x00, 0x00, 0x04, 0x00, 0x00, 0x00, 0x00, 0x00, 0x00, 0x02,
  0x1c, 0x00, 0x00, 0x00, 0x70, 0xff, 0xff, 0xff, 0x0f, 0x00, 0x00, 0x00,
  0x61, 0x72, 0x69, 0x74, 0x68, 0x2e, 0x63, 0x6f, 0x6e, 0x73, 0x74, 0x61,
  0x6e, 0x74, 0x32, 0x00, 0x01, 0x00, 0x00, 0x00, 0x03, 0x00, 0x00, 0x00,
  0xc2, 0xff, 0xff, 0xff, 0x00, 0x00, 0x00, 0x01, 0x14, 0x00, 0x00, 0x00,
  0x14, 0x00, 0x00, 0x00, 0x03, 0x00, 0x00, 0x00, 0x00, 0x00, 0x00, 0x02,
  0x1c, 0x00, 0x00, 0x00, 0xac, 0xff, 0xff, 0xff, 0x0f, 0x00, 0x00, 0x00,
  0x61, 0x72, 0x69, 0x74, 0x68, 0x2e, 0x63, 0x6f, 0x6e, 0x73, 0x74, 0x61,
  0x6e, 0x74, 0x31, 0x00, 0x01, 0x00, 0x00, 0x00, 0x03, 0x00, 0x00, 0x00,
  0x00, 0x00, 0x16, 0x00, 0x1c, 0x00, 0x18, 0x00, 0x17, 0x00, 0x10, 0x00,
  0x0c, 0x00, 0x08, 0x00, 0x00, 0x00, 0x00, 0x00, 0x00, 0x00, 0x07, 0x00,
  0x16, 0x00, 0x00, 0x00, 0x00, 0x00, 0x00, 0x01, 0x18, 0x00, 0x00, 0x00,
  0x18, 0x00, 0x00, 0x00, 0x02, 0x00, 0x00, 0x00, 0x00, 0x00, 0x00, 0x02,
  0x20, 0x00, 0x00, 0x00, 0x04, 0x00, 0x04, 0x00, 0x04, 0x00, 0x00, 0x00,
  0x0e, 0x00, 0x00, 0x00, 0x61, 0x72, 0x69, 0x74, 0x68, 0x2e, 0x63, 0x6f,
  0x6e, 0x73, 0x74, 0x61, 0x6e, 0x74, 0x00, 0x00, 0x00, 0x00, 0x00, 0x00,
  0x00, 0x00, 0x16, 0x00, 0x20, 0x00, 0x1c, 0x00, 0x1b, 0x00, 0x14, 0x00,
  0x10, 0x00, 0x0c, 0x00, 0x00, 0x00, 0x00, 0x00, 0x08, 0x00, 0x07, 0x00,
  0x16, 0x00, 0x00, 0x00, 0x00, 0x00, 0x00, 0x01, 0x18, 0x00, 0x00, 0x00,
  0x30, 0x00, 0x00, 0x00, 0x50, 0x00, 0x00, 0x00, 0x01, 0x00, 0x00, 0x00,
  0x00, 0x00, 0x00, 0x09, 0x6c, 0x00, 0x00, 0x00, 0x03, 0x00, 0x00, 0x00,
  0xff, 0xff, 0xff, 0xff, 0x80, 0x00, 0x00, 0x00, 0x06, 0x00, 0x00, 0x00,
  0x0c, 0x00, 0x0c, 0x00, 0x00, 0x00, 0x00, 0x00, 0x08, 0x00, 0x04, 0x00,
  0x0c, 0x00, 0x00, 0x00, 0x08, 0x00, 0x00, 0x00, 0x14, 0x00, 0x00, 0x00,
  0x01, 0x00, 0x00, 0x00, 0x1d, 0x00, 0x00, 0x00, 0x00, 0x00, 0x00, 0x00,
  0x00, 0x00, 0x00, 0x00, 0x01, 0x00, 0x00, 0x00, 0x44, 0x76, 0x61, 0x3d,
  0x23, 0x00, 0x00, 0x00, 0x73, 0x65, 0x72, 0x76, 0x69, 0x6e, 0x67, 0x5f,
  0x64, 0x65, 0x66, 0x61, 0x75, 0x6c, 0x74, 0x5f, 0x6b, 0x65, 0x72, 0x61,
  0x73, 0x5f, 0x74, 0x65, 0x6e, 0x73, 0x6f, 0x72, 0x5f, 0x33, 0x33, 0x37,
  0x35, 0x3a, 0x30, 0x00, 0x03, 0x00, 0x00, 0x00, 0x01, 0x00, 0x00, 0x00,
  0x80, 0x00, 0x00, 0x00, 0x06, 0x00, 0x00, 0x00, 0x06, 0x00, 0x00, 0x00,
  0x7c, 0x00, 0x00, 0x00, 0x5c, 0x00, 0x00, 0x00, 0x40, 0x00, 0x00, 0x00,
  0x2c, 0x00, 0x00, 0x00, 0x18, 0x00, 0x00, 0x00, 0x04, 0x00, 0x00, 0x00,
  0xc4, 0xff, 0xff, 0xff, 0x09, 0x00, 0x00, 0x00, 0x04, 0x00, 0x00, 0x00,
  0x00, 0x00, 0x00, 0x09, 0xd4, 0xff, 0xff, 0xff, 0x28, 0x00, 0x00, 0x00,
  0x02, 0x00, 0x00, 0x00, 0x00, 0x00, 0x00, 0x28, 0xe4, 0xff, 0xff, 0xff,
  0x04, 0x00, 0x00, 0x00, 0x03, 0x00, 0x00, 0x00, 0x00, 0x00, 0x00, 0x04,
  0xd8, 0xff, 0xff, 0xff, 0x16, 0x00, 0x00, 0x00, 0x00, 0x00, 0x00, 0x16,
  0x0c, 0x00, 0x10, 0x00, 0x0f, 0x00, 0x00, 0x00, 0x08, 0x00, 0x04, 0x00,
  0x0c, 0x00, 0x00, 0x00, 0x03, 0x00, 0x00, 0x00, 0x03, 0x00, 0x00, 0x00,
  0x00, 0x00, 0x00, 0x03, 0x0c, 0x00, 0x0c, 0x00, 0x0b, 0x00, 0x00, 0x00,
  0x00, 0x00, 0x04, 0x00, 0x0c, 0x00, 0x00, 0x00, 0x46, 0x00, 0x00, 0x00,
  0x00, 0x00, 0x00, 0x46};

const int g_magic_wand_model_data_len = sizeof(g_magic_wand_model_data);
